ALL, -, -,17637.9000, 0.2377, 8543.4540
https://cdn.admeira.ch/prod/tagmanager/blick.ch_de/1.7.2/atm.js, false, false, 17396.6600, 0.2129, 5953.3130
https://browser.sentry-cdn.com/5.6.2/bundle.min.js, false, false, 18541.1800, 0.5748, 8732.4900
https://www.blick.ch/assets/dist/js/npm.core-js-fa64fd844f079ed4ac6b.js, undefined, undefined, 6742.3050, 0.0165, 2297.6050
https://www.blick.ch/assets/dist/js/npm.react-1a801eaf54c263ef6fce.js, undefined, undefined, 7152.5350, 0.0142, 1713.5720
https://www.blick.ch/assets/dist/js/npm.regenerator-runtime-e47ee341668e3b26126b.js, undefined, undefined, 7331.0600, 0.0148, 2188.0060
https://www.blick.ch/assets/dist/js/npm.html-to-react-19ff49fcabbc782c38b9.js, undefined, undefined, 7314.0550, 0.0399, 4329.0800
https://www.blick.ch/assets/dist/js/npm.i18next-1b2938f102a98ef5a956.js, undefined, undefined, 7061.8800, 0.0399, 4112.5540
https://www.blick.ch/assets/dist/js/npm.jstat-d56d6a3fb46fc39fdfd0.js, undefined, undefined, 7317.7900, 0.0410, 4186.8380
https://www.blick.ch/assets/dist/js/npm.lodash.isequal-dacfc5320142defb392e.js, undefined, undefined, 7631.1950, 0.0410, 4311.2560
https://www.blick.ch/assets/dist/js/npm.mobile-detect-9ebb05be89d1f0f0f81e.js, undefined, undefined, 7752.5100, 0.0410, 4234.9810
https://www.blick.ch/assets/dist/js/npm.moment-0d616dc8776fcfe5af7f.js, undefined, undefined, 7337.9550, 0.0410, 4020.4000
https://www.blick.ch/assets/dist/js/npm.moment-duration-format-21f79d6576c156e39e60.js, undefined, undefined, 7186.0200, 0.0410, 4137.2360
https://www.blick.ch/assets/dist/js/npm.moment-timezone-453338c2f573f9abf00f.js, undefined, undefined, 6145.4350, 0.2921, 8318.4880
https://www.blick.ch/assets/dist/js/npm.node-libs-browser-343ddbaebcb485d53814.js, undefined, undefined, 7137.9300, 0.0396, 4199.3380
https://www.blick.ch/assets/dist/js/npm.picturefill-20443fb282527205dc08.js, undefined, undefined, 6370.1350, 0.0410, 4065.6940
https://www.blick.ch/assets/dist/js/npm.ramda-750004b6b3ed53872d87.js, undefined, undefined, 7374.0100, 0.0401, 4106.0860
https://www.blick.ch/assets/dist/js/npm.react-dom-b4ee15d4b0cf7ae0bb09.js, undefined, undefined, 6969.9450, 0.0388, 4113.7150
https://www.blick.ch/assets/dist/js/npm.react-helmet-eba0f286d0840c4162b5.js, undefined, undefined, 6956.6200, 0.0388, 4044.5750
https://www.blick.ch/assets/dist/js/npm.react-redux-f5ca0c7d8589b123266c.js, undefined, undefined, 7323.7050, 0.0413, 4129.1270
https://www.blick.ch/assets/dist/js/npm.redux-saga-49784da900395fff15ed.js, undefined, undefined, 7346.5000, 0.0413, 4520.8380
https://www.blick.ch/assets/dist/js/npm.ringier-components-42b51a51ca8713c41351.js, undefined, undefined, 7173.1850, 0.0390, 3736.8420
https://www.blick.ch/assets/dist/js/npm.router5-fc05c739ad60dad1f6dc.js, undefined, undefined, 7302.9700, 0.0412, 3935.2610
https://www.blick.ch/assets/dist/js/npm.scrbbl-20ba3d5e42e54e6ffd42.js, undefined, undefined, 6666.7250, 0.0396, 4222.9440
https://www.blick.ch/assets/dist/js/npm.superagent-8f6d32711e0978c79611.js, undefined, undefined, 7288.8400, 0.0410, 3970.0900
https://www.blick.ch/assets/dist/js/vendors-26a980a470d048564c9c.js, undefined, undefined, 7233.0550, 0.0162, 2313.0210
https://www.blick.ch/assets/dist/js/sig-70fec608e94142b318ff.js, undefined, undefined, 18219.5050, 0.2117, 6546.1810
https://www.blick.ch/assets/dist/js/main-02670d7571115a638776.js, undefined, undefined, 4202.0950, 0.0390, 4065.6250
https://acdn.adnxs.com/ast/static/0.30.0/ast.js, true, false, 12425.6450, 0.5931, 6152.6200
https://www.googletagmanager.com/gtm.js?id=GTM-T3MW3GR, true, false, 13182.1100, 0.6049, 5538.7880
https://tr1.admeira.ch/tr1.admeira.ch/v1/tagger.js, true, false, 14570.5100, 0.2687, 10017.3490
https://www.blick.ch/assets/dist/js/modal-e73310463a5ff6954951.js, undefined, undefined, 13505.7550, 0.2687, 9509.8350
https://www.google-analytics.com/analytics.js, true, false, 14069.3100, 0.2687, 9145.1170
https://lib.onet.pl/s.csr/build/dlApi/dl.boot.min.js, undefined, undefined, 13279.8000, 0.6049, 8871.4080
https://connect.facebook.net/en_US/fbevents.js, true, false, 14279.8700, 0.6049, 14040.9640
https://player.h-cdn.com/loader.js?customer=ringier_ch, undefined, undefined, 14921.2000, 1.0568, 14804.4720
https://blickonl-ssl.wemfbox.ch/2004/01/survey.js, undefined, undefined, 16481.1050, 0.2687, 11554.1610
https://tags.p.tdf.ringier.ch/pixel/rp2-latest.js, true, false, 17641.0600, 0.6049, 8743.5950
https://cdn.bluebillywig.com/apps/player/20200616.145051/player.js, true, false, 11863.3400, 0.2687, 6139.5870
https://www.blick.ch/assets/dist/js/modalMsg-987fc26629aae598db36.js, undefined, undefined, 12184.6000, 0.6049, 7665.3170
https://cdn3.optimizely.com/js/geo2.js?cb=1592335217772, undefined, undefined, 12482.9000, 1.0592, 8898.6410
https://s0.2mdn.net/instream/html5/ima3.js, undefined, undefined, 12597.1050, 0.6009, 8463.3570
https://cdn.bluebillywig.com/apps/player/20200616.145051/components/admanager.js, undefined, undefined, 12121.2950, 0.6049, 8268.8860
https://player.h-cdn.com/loader.js?customer=ringier_ch&no_conf=true&md5=1174312-fd7c01c8, true, false, 12154.6300, 0.2693, 7508.6640
https://player.h-cdn.com/config.js?customer=ringier_ch&md5=83678-6f9f61cc, true, false, 12150.9850, 0.2687, 7497.6710
ALL, -, -,11640.2500, 0.5873, 9770.2670
https://cdn.admeira.ch/prod/tagmanager/blick.ch_de/1.7.2/atm.js, false, false, 10829.7100, 0.5646, 5623.5030
https://browser.sentry-cdn.com/5.6.2/bundle.min.js, false, false, 11355.4800, 0.2687, 7531.3670
https://www.blick.ch/assets/dist/js/npm.core-js-fa64fd844f079ed4ac6b.js, undefined, undefined, 4135.6350, 0.0142, 2016.0040
https://www.blick.ch/assets/dist/js/npm.react-1a801eaf54c263ef6fce.js, undefined, undefined, 4213.9150, 0.0142, 2002.6240
https://www.blick.ch/assets/dist/js/npm.regenerator-runtime-e47ee341668e3b26126b.js, undefined, undefined, 4215.9500, 0.0140, 1997.0330
https://www.blick.ch/assets/dist/js/npm.html-to-react-19ff49fcabbc782c38b9.js, undefined, undefined, 4103.3050, 0.0410, 3639.9580
https://www.blick.ch/assets/dist/js/npm.i18next-1b2938f102a98ef5a956.js, undefined, undefined, 4123.6350, 0.0410, 3691.6790
https://www.blick.ch/assets/dist/js/npm.jstat-d56d6a3fb46fc39fdfd0.js, undefined, undefined, 4194.3750, 0.1937, 3981.2950
https://www.blick.ch/assets/dist/js/npm.lodash.isequal-dacfc5320142defb392e.js, undefined, undefined, 4158.0050, 0.0413, 3708.3350
https://www.blick.ch/assets/dist/js/npm.mobile-detect-9ebb05be89d1f0f0f81e.js, undefined, undefined, 4181.5800, 0.0413, 3261.7200
https://www.blick.ch/assets/dist/js/npm.moment-0d616dc8776fcfe5af7f.js, undefined, undefined, 4135.7250, 0.0421, 3711.0790
https://www.blick.ch/assets/dist/js/npm.moment-duration-format-21f79d6576c156e39e60.js, undefined, undefined, 4193.5300, 0.0413, 3711.1660
https://www.blick.ch/assets/dist/js/npm.moment-timezone-453338c2f573f9abf00f.js, undefined, undefined, 4154.9200, 0.0390, 3753.7250
https://www.blick.ch/assets/dist/js/npm.node-libs-browser-343ddbaebcb485d53814.js, undefined, undefined, 4152.2050, 0.0410, 3702.8070
https://www.blick.ch/assets/dist/js/npm.picturefill-20443fb282527205dc08.js, undefined, undefined, 4139.7900, 0.0413, 3619.1790
https://www.blick.ch/assets/dist/js/npm.ramda-750004b6b3ed53872d87.js, undefined, undefined, 4207.4450, 0.0413, 3636.1290
https://www.blick.ch/assets/dist/js/npm.react-dom-b4ee15d4b0cf7ae0bb09.js, undefined, undefined, 4129.3150, 0.0413, 3700.3130
https://www.blick.ch/assets/dist/js/npm.react-helmet-eba0f286d0840c4162b5.js, undefined, undefined, 4133.7900, 0.0413, 3200.6350
https://www.blick.ch/assets/dist/js/npm.react-redux-f5ca0c7d8589b123266c.js, undefined, undefined, 4123.2200, 0.0410, 3646.9730
https://www.blick.ch/assets/dist/js/npm.redux-saga-49784da900395fff15ed.js, undefined, undefined, 4425.2850, 0.0413, 3664.5090
https://www.blick.ch/assets/dist/js/npm.ringier-components-42b51a51ca8713c41351.js, undefined, undefined, 3892.0350, 0.0413, 3630.6460
https://www.blick.ch/assets/dist/js/npm.router5-fc05c739ad60dad1f6dc.js, undefined, undefined, 4131.3750, 0.0413, 3211.4750
https://www.blick.ch/assets/dist/js/npm.scrbbl-20ba3d5e42e54e6ffd42.js, undefined, undefined, 4154.1500, 0.0413, 3719.9100
https://www.blick.ch/assets/dist/js/npm.superagent-8f6d32711e0978c79611.js, undefined, undefined, 4619.7800, 0.2919, 3969.1250
https://www.blick.ch/assets/dist/js/vendors-26a980a470d048564c9c.js, undefined, undefined, 3733.4400, 0.0167, 2003.6590
https://www.blick.ch/assets/dist/js/sig-70fec608e94142b318ff.js, undefined, undefined, 10792.7700, 0.0385, 5487.1210
https://www.blick.ch/assets/dist/js/main-02670d7571115a638776.js, undefined, undefined, 3842.5100, 0.2921, 3934.3240
https://acdn.adnxs.com/ast/static/0.30.0/ast.js, true, false, 11633.1400, 0.5922, 5510.7750
https://www.googletagmanager.com/gtm.js?id=GTM-T3MW3GR, true, false, 11166.3750, 0.2687, 4624.2500
https://tr1.admeira.ch/tr1.admeira.ch/v1/tagger.js, true, false, 11387.3300, 0.2687, 7672.0790
https://www.blick.ch/assets/dist/js/modal-e73310463a5ff6954951.js, undefined, undefined, 11421.1200, 0.6049, 7591.5660
https://www.google-analytics.com/analytics.js, true, false, 11705.9400, 0.2687, 7424.4110
https://lib.onet.pl/s.csr/build/dlApi/dl.boot.min.js, undefined, undefined, 11585.4100, 0.6049, 7667.0860
https://connect.facebook.net/en_US/fbevents.js, true, false, 11900.9500, 0.6049, 7734.6440
https://player.h-cdn.com/loader.js?customer=ringier_ch, undefined, undefined, 11617.5550, 0.2687, 7254.5790
https://blickonl-ssl.wemfbox.ch/2004/01/survey.js, undefined, undefined, 11725.5250, 0.2687, 7676.3420
https://tags.p.tdf.ringier.ch/pixel/rp2-latest.js, true, false, 11931.9650, 0.6049, 7041.5250
https://cdn.bluebillywig.com/apps/player/20200616.145051/player.js, true, false, 12143.4950, 0.6056, 5742.4830
https://www.blick.ch/assets/dist/js/modalMsg-987fc26629aae598db36.js, undefined, undefined, 11828.4150, 0.6049, 7506.7370
https://cdn3.optimizely.com/js/geo2.js?cb=1592335217772, undefined, undefined, 11682.7900, 0.6049, 7941.7270
https://s0.2mdn.net/instream/html5/ima3.js, undefined, undefined, 12059.6850, 0.6049, 7970.8640
https://cdn.bluebillywig.com/apps/player/20200616.145051/components/admanager.js, undefined, undefined, 12098.3700, 0.2647, 8121.4070
https://player.h-cdn.com/loader.js?customer=ringier_ch&no_conf=true&md5=1174312-fd7c01c8, true, false, 11884.9200, 0.2687, 7325.9220
https://player.h-cdn.com/config.js?customer=ringier_ch&md5=83678-6f9f61cc, true, false, 11887.9450, 0.6049, 7462.9510
ALL, -, -,11476.7700, 0.5873, 8481.5980
https://cdn.admeira.ch/prod/tagmanager/blick.ch_de/1.7.2/atm.js, false, false, 10854.1950, 0.2132, 5759.0220
https://browser.sentry-cdn.com/5.6.2/bundle.min.js, false, false, 11888.2500, 1.0592, 8095.1820
https://www.blick.ch/assets/dist/js/npm.core-js-fa64fd844f079ed4ac6b.js, undefined, undefined, 4805.0900, 0.0166, 2219.9320
https://www.blick.ch/assets/dist/js/npm.react-1a801eaf54c263ef6fce.js, undefined, undefined, 4584.4700, 0.0142, 2141.8690
https://www.blick.ch/assets/dist/js/npm.regenerator-runtime-e47ee341668e3b26126b.js, undefined, undefined, 4437.5800, 0.0140, 2115.7600
https://www.blick.ch/assets/dist/js/npm.html-to-react-19ff49fcabbc782c38b9.js, undefined, undefined, 4270.6050, 0.0388, 3838.9340
https://www.blick.ch/assets/dist/js/npm.i18next-1b2938f102a98ef5a956.js, undefined, undefined, 4340.3950, 0.2921, 4194.1050
https://www.blick.ch/assets/dist/js/npm.jstat-d56d6a3fb46fc39fdfd0.js, undefined, undefined, 6447.3400, 0.1929, 7212.9650
https://www.blick.ch/assets/dist/js/npm.lodash.isequal-dacfc5320142defb392e.js, undefined, undefined, 4999.7250, 0.0390, 4582.3430
https://www.blick.ch/assets/dist/js/npm.mobile-detect-9ebb05be89d1f0f0f81e.js, undefined, undefined, 7560.5500, 0.0410, 8174.0170
https://www.blick.ch/assets/dist/js/npm.moment-0d616dc8776fcfe5af7f.js, undefined, undefined, 7477.9200, 0.0456, 6938.4500
https://www.blick.ch/assets/dist/js/npm.moment-duration-format-21f79d6576c156e39e60.js, undefined, undefined, 5255.8700, 0.0390, 5603.1150
https://www.blick.ch/assets/dist/js/npm.moment-timezone-453338c2f573f9abf00f.js, undefined, undefined, 4270.0950, 0.0413, 3828.3800
https://www.blick.ch/assets/dist/js/npm.node-libs-browser-343ddbaebcb485d53814.js, undefined, undefined, 4763.3150, 0.2919, 4266.4100
https://www.blick.ch/assets/dist/js/npm.picturefill-20443fb282527205dc08.js, undefined, undefined, 4170.0000, 0.0410, 3824.6130
https://www.blick.ch/assets/dist/js/npm.ramda-750004b6b3ed53872d87.js, undefined, undefined, 4219.8800, 0.0413, 4087.6940
https://www.blick.ch/assets/dist/js/npm.react-dom-b4ee15d4b0cf7ae0bb09.js, undefined, undefined, 4426.9500, 0.0410, 4062.4950
https://www.blick.ch/assets/dist/js/npm.react-helmet-eba0f286d0840c4162b5.js, undefined, undefined, 4361.1500, 0.0390, 3894.3380
https://www.blick.ch/assets/dist/js/npm.react-redux-f5ca0c7d8589b123266c.js, undefined, undefined, 4418.0550, 0.0390, 4595.0140
https://www.blick.ch/assets/dist/js/npm.redux-saga-49784da900395fff15ed.js, undefined, undefined, 5073.9150, 0.0390, 6860.4010
https://www.blick.ch/assets/dist/js/npm.ringier-components-42b51a51ca8713c41351.js, undefined, undefined, 4111.5800, 0.2919, 4374.5650
https://www.blick.ch/assets/dist/js/npm.router5-fc05c739ad60dad1f6dc.js, undefined, undefined, 5393.0750, 0.0390, 4266.7200
https://www.blick.ch/assets/dist/js/npm.scrbbl-20ba3d5e42e54e6ffd42.js, undefined, undefined, 4313.5900, 0.0390, 4114.6300
https://www.blick.ch/assets/dist/js/npm.superagent-8f6d32711e0978c79611.js, undefined, undefined, 5041.2000, 0.0390, 5342.6130
https://www.blick.ch/assets/dist/js/vendors-26a980a470d048564c9c.js, undefined, undefined, 4710.2100, 0.0165, 2780.9020
https://www.blick.ch/assets/dist/js/sig-70fec608e94142b318ff.js, undefined, undefined, 12849.3100, 0.0355, 7597.3300
https://www.blick.ch/assets/dist/js/main-02670d7571115a638776.js, undefined, undefined, 4710.6950, 0.0406, 5128.4600
https://acdn.adnxs.com/ast/static/0.30.0/ast.js, true, false, 18434.2450, 0.2416, 7940.5150
https://www.googletagmanager.com/gtm.js?id=GTM-T3MW3GR, true, false, 21165.8650, 0.2269, 8841.7260
https://tr1.admeira.ch/tr1.admeira.ch/v1/tagger.js, true, false, 18193.0600, 0.2269, 9663.0280
https://www.blick.ch/assets/dist/js/modal-e73310463a5ff6954951.js, undefined, undefined, 16491.4650, 0.6049, 11886.5360
https://lib.onet.pl/s.csr/build/dlApi/dl.boot.min.js, undefined, undefined, 11288.5750, 0.6049, 7144.3890
ALL, -, -,11315.1000, 0.2550, 8194.8250
https://cdn.admeira.ch/prod/tagmanager/blick.ch_de/1.7.2/atm.js, false, false, 10512.1500, 0.5647, 5368.9990
https://browser.sentry-cdn.com/5.6.2/bundle.min.js, false, false, 11280.2250, 0.2654, 7413.6800
https://www.blick.ch/assets/dist/js/npm.core-js-fa64fd844f079ed4ac6b.js, undefined, undefined, 4124.5300, 0.0142, 2053.6710
https://www.blick.ch/assets/dist/js/npm.react-1a801eaf54c263ef6fce.js, undefined, undefined, 4167.0650, 0.0142, 1966.4040
https://www.blick.ch/assets/dist/js/npm.regenerator-runtime-e47ee341668e3b26126b.js, undefined, undefined, 3751.7950, 0.0000, 1900.0990
https://www.blick.ch/assets/dist/js/npm.html-to-react-19ff49fcabbc782c38b9.js, undefined, undefined, 3987.5750, 0.0413, 3590.1830
https://www.blick.ch/assets/dist/js/npm.i18next-1b2938f102a98ef5a956.js, undefined, undefined, 4022.2750, 0.0413, 3537.8990
https://www.blick.ch/assets/dist/js/npm.jstat-d56d6a3fb46fc39fdfd0.js, undefined, undefined, 4026.5800, 0.0413, 3535.7700
https://www.blick.ch/assets/dist/js/npm.lodash.isequal-dacfc5320142defb392e.js, undefined, undefined, 4023.4950, 0.0413, 3526.0430
https://www.blick.ch/assets/dist/js/npm.mobile-detect-9ebb05be89d1f0f0f81e.js, undefined, undefined, 3968.8350, 0.0413, 3498.1120
https://www.blick.ch/assets/dist/js/npm.moment-0d616dc8776fcfe5af7f.js, undefined, undefined, 3948.3550, 0.0413, 3478.1740
https://www.blick.ch/assets/dist/js/npm.moment-duration-format-21f79d6576c156e39e60.js, undefined, undefined, 4019.8050, 0.0413, 3129.9960
https://www.blick.ch/assets/dist/js/npm.moment-timezone-453338c2f573f9abf00f.js, undefined, undefined, 3943.6700, 0.0413, 3520.3000
https://www.blick.ch/assets/dist/js/npm.node-libs-browser-343ddbaebcb485d53814.js, undefined, undefined, 4005.7000, 0.2921, 3876.4920
https://www.blick.ch/assets/dist/js/npm.picturefill-20443fb282527205dc08.js, undefined, undefined, 3997.2750, 0.0413, 3541.2430
https://www.blick.ch/assets/dist/js/npm.ramda-750004b6b3ed53872d87.js, undefined, undefined, 3995.2750, 0.0413, 3575.0980
https://www.blick.ch/assets/dist/js/npm.react-dom-b4ee15d4b0cf7ae0bb09.js, undefined, undefined, 3948.8750, 0.0413, 3520.5500
https://www.blick.ch/assets/dist/js/npm.react-helmet-eba0f286d0840c4162b5.js, undefined, undefined, 3979.5550, 0.0413, 3534.1050
https://www.blick.ch/assets/dist/js/npm.react-redux-f5ca0c7d8589b123266c.js, undefined, undefined, 3989.7550, 0.0413, 3518.8340
https://www.blick.ch/assets/dist/js/npm.redux-saga-49784da900395fff15ed.js, undefined, undefined, 3990.0000, 0.0413, 3534.8100
https://www.blick.ch/assets/dist/js/npm.ringier-components-42b51a51ca8713c41351.js, undefined, undefined, 3636.1050, 0.0413, 3503.3170
https://www.blick.ch/assets/dist/js/npm.router5-fc05c739ad60dad1f6dc.js, undefined, undefined, 4016.9900, 0.0413, 3474.0020
https://www.blick.ch/assets/dist/js/npm.scrbbl-20ba3d5e42e54e6ffd42.js, undefined, undefined, 3998.9300, 0.0413, 3526.3750
https://www.blick.ch/assets/dist/js/npm.superagent-8f6d32711e0978c79611.js, undefined, undefined, 3974.8850, 0.1937, 3895.7110
https://www.blick.ch/assets/dist/js/vendors-26a980a470d048564c9c.js, undefined, undefined, 3925.6350, 0.0165, 1968.2190
https://www.blick.ch/assets/dist/js/sig-70fec608e94142b318ff.js, undefined, undefined, 10666.7350, 0.3901, 5193.2410
https://www.blick.ch/assets/dist/js/main-02670d7571115a638776.js, undefined, undefined, 3702.6550, 0.0413, 3558.3620
https://acdn.adnxs.com/ast/static/0.30.0/ast.js, true, false, 11748.0600, 0.5931, 6342.9410
https://www.googletagmanager.com/gtm.js?id=GTM-T3MW3GR, true, false, 14136.8350, 0.2687, 6085.6040
https://www.blick.ch/assets/dist/js/modal-e73310463a5ff6954951.js, undefined, undefined, 14496.2800, 0.6049, 9801.0350
https://tr1.admeira.ch/tr1.admeira.ch/v1/tagger.js, true, false, 13992.7900, 0.6049, 10345.1420
https://www.blick.ch/assets/dist/js/modalMsg-987fc26629aae598db36.js, undefined, undefined, 15701.5200, 0.2687, 10705.1410
https://www.google-analytics.com/analytics.js, true, false, 14117.4600, 0.2663, 10787.4640
https://lib.onet.pl/s.csr/build/dlApi/dl.boot.min.js, undefined, undefined, 11877.7650, 0.2687, 7990.2810
https://connect.facebook.net/en_US/fbevents.js, true, false, 11744.1750, 0.2687, 7647.5150
https://player.h-cdn.com/loader.js?customer=ringier_ch, undefined, undefined, 12548.2600, 0.2687, 7213.2130
https://blickonl-ssl.wemfbox.ch/2004/01/survey.js, undefined, undefined, 12309.4050, 0.6049, 8919.2720
https://tags.p.tdf.ringier.ch/pixel/rp2-latest.js, true, false, 11679.8650, 0.6009, 6749.1010
https://cdn3.optimizely.com/js/geo2.js?cb=1592373745076, undefined, undefined, 12996.1850, 0.2687, 8121.2080
https://cdn.bluebillywig.com/apps/player/20200616.145051/player.js, true, false, 12669.9400, 0.2687, 5742.1660
https://s0.2mdn.net/instream/html5/ima3.js, undefined, undefined, 13036.7850, 0.2687, 8369.4610
https://cdn.bluebillywig.com/apps/player/20200616.145051/components/admanager.js, undefined, undefined, 11920.5550, 0.6009, 7885.4590
https://player.h-cdn.com/loader.js?customer=ringier_ch&no_conf=true&md5=1174312-fd7c01c8, true, false, 11854.3800, 0.2687, 7042.8640
https://player.h-cdn.com/config.js?customer=ringier_ch&md5=83678-6f9f61cc, true, false, 11984.8050, 0.6049, 7259.7360
ALL, -, -,11164.2000, 0.5873, 7913.3650
https://cdn.admeira.ch/prod/tagmanager/blick.ch_de/1.7.2/atm.js, false, false, 10353.3550, 0.5653, 5543.3570
https://browser.sentry-cdn.com/5.6.2/bundle.min.js, false, false, 11588.7800, 0.6049, 7795.8570
https://www.blick.ch/assets/dist/js/npm.core-js-fa64fd844f079ed4ac6b.js, undefined, undefined, 4216.1300, 0.0142, 2062.8240
https://www.blick.ch/assets/dist/js/npm.react-1a801eaf54c263ef6fce.js, undefined, undefined, 4396.8400, 0.0142, 2099.4160
https://www.blick.ch/assets/dist/js/npm.regenerator-runtime-e47ee341668e3b26126b.js, undefined, undefined, 6021.4250, 0.0142, 2324.2220
https://www.blick.ch/assets/dist/js/npm.html-to-react-19ff49fcabbc782c38b9.js, undefined, undefined, 4288.3750, 0.0390, 4041.7330
https://www.blick.ch/assets/dist/js/npm.i18next-1b2938f102a98ef5a956.js, undefined, undefined, 4103.6050, 0.0413, 3814.4650
https://www.blick.ch/assets/dist/js/npm.jstat-d56d6a3fb46fc39fdfd0.js, undefined, undefined, 4335.3000, 0.0390, 4097.1500
https://www.blick.ch/assets/dist/js/npm.lodash.isequal-dacfc5320142defb392e.js, undefined, undefined, 4267.6800, 0.0390, 3626.6880
https://www.blick.ch/assets/dist/js/npm.mobile-detect-9ebb05be89d1f0f0f81e.js, undefined, undefined, 4281.7600, 0.0390, 3823.7630
https://www.blick.ch/assets/dist/js/npm.moment-0d616dc8776fcfe5af7f.js, undefined, undefined, 4099.6250, 0.0413, 3868.5420
https://www.blick.ch/assets/dist/js/npm.moment-duration-format-21f79d6576c156e39e60.js, undefined, undefined, 4540.5250, 0.0413, 3959.4650
https://www.blick.ch/assets/dist/js/npm.moment-timezone-453338c2f573f9abf00f.js, undefined, undefined, 4306.3150, 0.0413, 3801.8150
https://www.blick.ch/assets/dist/js/npm.node-libs-browser-343ddbaebcb485d53814.js, undefined, undefined, 4442.5900, 0.0390, 4800.0120
https://www.blick.ch/assets/dist/js/npm.picturefill-20443fb282527205dc08.js, undefined, undefined, 4232.3050, 0.0413, 3832.4460
https://www.blick.ch/assets/dist/js/npm.ramda-750004b6b3ed53872d87.js, undefined, undefined, 4180.4100, 0.0413, 4028.2670
https://www.blick.ch/assets/dist/js/npm.react-dom-b4ee15d4b0cf7ae0bb09.js, undefined, undefined, 4477.9750, 0.0413, 4649.7660
https://www.blick.ch/assets/dist/js/npm.react-helmet-eba0f286d0840c4162b5.js, undefined, undefined, 4305.8400, 0.0413, 3764.9360
https://www.blick.ch/assets/dist/js/npm.react-redux-f5ca0c7d8589b123266c.js, undefined, undefined, 4091.2950, 0.0413, 3725.3670
https://www.blick.ch/assets/dist/js/npm.redux-saga-49784da900395fff15ed.js, undefined, undefined, 4399.5750, 0.2898, 7486.5780
https://www.blick.ch/assets/dist/js/npm.ringier-components-42b51a51ca8713c41351.js, undefined, undefined, 4320.8500, 0.0390, 4614.4060
https://www.blick.ch/assets/dist/js/npm.router5-fc05c739ad60dad1f6dc.js, undefined, undefined, 4165.2800, 0.0413, 4418.1470
https://www.blick.ch/assets/dist/js/npm.scrbbl-20ba3d5e42e54e6ffd42.js, undefined, undefined, 5122.8800, 0.0406, 4849.8070
https://www.blick.ch/assets/dist/js/npm.superagent-8f6d32711e0978c79611.js, undefined, undefined, 4193.3250, 0.0413, 3840.6580
https://www.blick.ch/assets/dist/js/vendors-26a980a470d048564c9c.js, undefined, undefined, 4609.3700, 0.0150, 2758.4660
https://www.blick.ch/assets/dist/js/sig-70fec608e94142b318ff.js, undefined, undefined, 19520.4050, 0.5907, 8948.6800
https://www.blick.ch/assets/dist/js/main-02670d7571115a638776.js, undefined, undefined, 4698.7900, 0.0390, 4836.2190
https://acdn.adnxs.com/ast/static/0.30.0/ast.js, true, false, 16335.0600, 0.3718, 8578.1370
https://www.googletagmanager.com/gtm.js?id=GTM-T3MW3GR, true, false, 13929.4000, 0.0450, 6364.4720
https://www.blick.ch/assets/dist/js/modal-e73310463a5ff6954951.js, undefined, undefined, 15567.2600, 0.6049, 8728.7430
https://tr1.admeira.ch/tr1.admeira.ch/v1/tagger.js, true, false, 13425.7900, 0.2687, 9471.5680
https://www.blick.ch/assets/dist/js/modalMsg-987fc26629aae598db36.js, undefined, undefined, 14801.6500, 0.6049, 8783.4570
https://www.google-analytics.com/analytics.js, true, false, 15860.3150, 1.0592, 19201.2580
https://lib.onet.pl/s.csr/build/dlApi/dl.boot.min.js, undefined, undefined, 12982.0200, 0.2687, 8500.8790
https://connect.facebook.net/en_US/fbevents.js, true, false, 24500.4300, 0.0656, 21479.8010
https://player.h-cdn.com/loader.js?customer=ringier_ch, undefined, undefined, 14334.8300, 0.6049, 9105.9510
https://blickonl-ssl.wemfbox.ch/2004/01/survey.js, undefined, undefined, 13452.9000, 0.6056, 9783.6000
https://tags.p.tdf.ringier.ch/pixel/rp2-latest.js, true, false, 13029.2800, 0.3310, 7876.3230
https://cdn3.optimizely.com/js/geo2.js?cb=1592373745076, undefined, undefined, 11660.8600, 0.6049, 8324.1010
https://cdn.bluebillywig.com/apps/player/20200616.145051/player.js, true, false, 14624.4900, 0.6049, 7283.6850
https://s0.2mdn.net/instream/html5/ima3.js, undefined, undefined, 13255.6850, 0.6049, 12620.8770
https://cdn.bluebillywig.com/apps/player/20200616.145051/components/admanager.js, undefined, undefined, 17574.8300, 0.6025, 12763.4790
https://player.h-cdn.com/loader.js?customer=ringier_ch&no_conf=true&md5=1174312-fd7c01c8, true, false, 13592.1500, 0.2663, 9962.6450
https://player.h-cdn.com/config.js?customer=ringier_ch&md5=83678-6f9f61cc, true, false, 14299.4700, 0.6049, 10814.5640
ALL, -, -,17392.9700, 0.7236, 10453.8850
https://cdn.admeira.ch/prod/tagmanager/blick.ch_de/1.7.2/atm.js, false, false, 13427.1650, 0.2137, 7663.0760
https://browser.sentry-cdn.com/5.6.2/bundle.min.js, false, false, 13643.2900, 0.6049, 8851.9770
https://www.blick.ch/assets/dist/js/npm.core-js-fa64fd844f079ed4ac6b.js, undefined, undefined, 4466.6600, 0.0150, 1644.0540
https://www.blick.ch/assets/dist/js/npm.react-1a801eaf54c263ef6fce.js, undefined, undefined, 5112.9950, 0.0157, 2106.9190
https://www.blick.ch/assets/dist/js/npm.regenerator-runtime-e47ee341668e3b26126b.js, undefined, undefined, 4806.2050, 0.0142, 2365.6990
https://www.blick.ch/assets/dist/js/npm.html-to-react-19ff49fcabbc782c38b9.js, undefined, undefined, 4220.2350, 0.0413, 4093.4860
https://www.blick.ch/assets/dist/js/npm.i18next-1b2938f102a98ef5a956.js, undefined, undefined, 4697.1550, 0.0390, 4343.7710
https://www.blick.ch/assets/dist/js/npm.jstat-d56d6a3fb46fc39fdfd0.js, undefined, undefined, 4629.7450, 0.0406, 5436.5610
https://www.blick.ch/assets/dist/js/npm.lodash.isequal-dacfc5320142defb392e.js, undefined, undefined, 4512.4650, 0.0390, 4663.3620
https://www.blick.ch/assets/dist/js/npm.mobile-detect-9ebb05be89d1f0f0f81e.js, undefined, undefined, 4261.1750, 0.0413, 4544.5450
https://www.blick.ch/assets/dist/js/npm.moment-0d616dc8776fcfe5af7f.js, undefined, undefined, 4554.1950, 0.2898, 4088.6800
https://www.blick.ch/assets/dist/js/npm.moment-duration-format-21f79d6576c156e39e60.js, undefined, undefined, 4494.6050, 0.0390, 4358.3220
https://www.blick.ch/assets/dist/js/npm.moment-timezone-453338c2f573f9abf00f.js, undefined, undefined, 4289.3050, 0.0413, 4581.6860
https://www.blick.ch/assets/dist/js/npm.node-libs-browser-343ddbaebcb485d53814.js, undefined, undefined, 4855.1850, 0.0390, 4768.4510
https://www.blick.ch/assets/dist/js/npm.picturefill-20443fb282527205dc08.js, undefined, undefined, 4346.7850, 0.0390, 4554.4950
https://www.blick.ch/assets/dist/js/npm.ramda-750004b6b3ed53872d87.js, undefined, undefined, 4510.9500, 0.0390, 4518.1470
https://www.blick.ch/assets/dist/js/npm.react-dom-b4ee15d4b0cf7ae0bb09.js, undefined, undefined, 4282.0250, 0.0413, 5291.0790
https://www.blick.ch/assets/dist/js/npm.react-helmet-eba0f286d0840c4162b5.js, undefined, undefined, 5445.7100, 0.0406, 6146.3340
https://www.blick.ch/assets/dist/js/npm.react-redux-f5ca0c7d8589b123266c.js, undefined, undefined, 5223.2100, 0.6018, 6702.5880
https://www.blick.ch/assets/dist/js/npm.redux-saga-49784da900395fff15ed.js, undefined, undefined, 5249.6250, 0.2898, 6464.1300
https://www.blick.ch/assets/dist/js/npm.ringier-components-42b51a51ca8713c41351.js, undefined, undefined, 4954.7550, 0.2898, 6158.8170
https://www.blick.ch/assets/dist/js/npm.router5-fc05c739ad60dad1f6dc.js, undefined, undefined, 4475.7800, 0.2921, 10534.7570
https://www.blick.ch/assets/dist/js/npm.scrbbl-20ba3d5e42e54e6ffd42.js, undefined, undefined, 4878.6300, 0.6006, 5517.3190
https://www.blick.ch/assets/dist/js/npm.superagent-8f6d32711e0978c79611.js, undefined, undefined, 4387.4450, 0.6006, 5137.2290
https://www.blick.ch/assets/dist/js/vendors-26a980a470d048564c9c.js, undefined, undefined, 4161.4750, 0.0140, 2499.4970
https://www.blick.ch/assets/dist/js/sig-70fec608e94142b318ff.js, undefined, undefined, 19503.9450, 0.3901, 7139.5170
https://www.blick.ch/assets/dist/js/main-02670d7571115a638776.js, undefined, undefined, 4601.8300, 0.6006, 5116.2110
https://acdn.adnxs.com/ast/static/0.30.0/ast.js, true, false, 19113.5600, 0.2117, 6498.1200
https://www.googletagmanager.com/gtm.js?id=GTM-T3MW3GR, true, false, 25729.5700, 0.9121, 12147.5310
https://www.blick.ch/assets/dist/js/modal-e73310463a5ff6954951.js, undefined, undefined, 35679.7200, 0.9151, 14888.8360
https://tr1.admeira.ch/tr1.admeira.ch/v1/tagger.js, true, false, 14921.3300, 1.4271, 10343.7640
https://www.blick.ch/assets/dist/js/modalMsg-987fc26629aae598db36.js, undefined, undefined, 15937.3250, 0.9380, 11374.7480
https://www.google-analytics.com/analytics.js, true, false, 16910.2750, 1.4271, 11633.4850
https://lib.onet.pl/s.csr/build/dlApi/dl.boot.min.js, undefined, undefined, 16177.2600, 1.4247, 11851.0200
https://connect.facebook.net/en_US/fbevents.js, true, false, 17332.0350, 1.4271, 11483.5450
https://player.h-cdn.com/loader.js?customer=ringier_ch, undefined, undefined, 15020.3300, 0.9361, 9948.5840
https://blickonl-ssl.wemfbox.ch/2004/01/survey.js, undefined, undefined, 17127.7400, 0.9217, 19904.3830
https://tags.p.tdf.ringier.ch/pixel/rp2-latest.js, true, false, 15769.8500, 1.4244, 9968.7360
https://cdn3.optimizely.com/js/geo2.js?cb=1592373745076, undefined, undefined, 14939.4050, 1.4252, 11290.8420
https://cdn.bluebillywig.com/apps/player/20200616.145051/player.js, true, false, 14798.1800, 0.9356, 8436.4020
https://s0.2mdn.net/instream/html5/ima3.js, undefined, undefined, 15555.7550, 1.4254, 11477.7560
https://cdn.bluebillywig.com/apps/player/20200616.145051/components/admanager.js, undefined, undefined, 16108.0000, 0.7167, 11519.7510
https://player.h-cdn.com/loader.js?customer=ringier_ch&no_conf=true&md5=1174312-fd7c01c8, true, false, 16847.2400, 1.4266, 12386.7720
https://player.h-cdn.com/config.js?customer=ringier_ch&md5=83678-6f9f61cc, true, false, 15421.3700, 1.2034, 12122.1100
ALL, -, -,15000.5250, 1.4095, 11434.5500
https://cdn.admeira.ch/prod/tagmanager/blick.ch_de/1.7.2/atm.js, false, false, 14971.2550, 0.5491, 7644.4560
https://browser.sentry-cdn.com/5.6.2/bundle.min.js, false, false, 14615.6250, 1.4247, 11472.4920
https://www.blick.ch/assets/dist/js/npm.core-js-fa64fd844f079ed4ac6b.js, undefined, undefined, 5637.7200, 0.0154, 2808.7700
https://www.blick.ch/assets/dist/js/npm.react-1a801eaf54c263ef6fce.js, undefined, undefined, 4562.3700, 0.0162, 2644.5430
https://www.blick.ch/assets/dist/js/npm.regenerator-runtime-e47ee341668e3b26126b.js, undefined, undefined, 4830.7250, 0.0162, 3346.4240
https://www.blick.ch/assets/dist/js/npm.html-to-react-19ff49fcabbc782c38b9.js, undefined, undefined, 5472.3550, 0.6018, 6511.1850
https://www.blick.ch/assets/dist/js/npm.i18next-1b2938f102a98ef5a956.js, undefined, undefined, 5123.6100, 0.6018, 6496.6570
https://www.blick.ch/assets/dist/js/npm.jstat-d56d6a3fb46fc39fdfd0.js, undefined, undefined, 5513.8100, 0.6018, 6958.6080
https://www.blick.ch/assets/dist/js/npm.lodash.isequal-dacfc5320142defb392e.js, undefined, undefined, 4980.1100, 0.6006, 6487.7140
https://www.blick.ch/assets/dist/js/npm.mobile-detect-9ebb05be89d1f0f0f81e.js, undefined, undefined, 5224.0500, 0.6022, 6110.9590
https://www.blick.ch/assets/dist/js/npm.moment-0d616dc8776fcfe5af7f.js, undefined, undefined, 7077.9050, 0.6044, 12065.7830
https://www.blick.ch/assets/dist/js/npm.moment-duration-format-21f79d6576c156e39e60.js, undefined, undefined, 9881.7850, 0.2936, 8244.9420
https://www.blick.ch/assets/dist/js/npm.moment-timezone-453338c2f573f9abf00f.js, undefined, undefined, 5981.7450, 0.6022, 7713.1850
https://www.blick.ch/assets/dist/js/npm.node-libs-browser-343ddbaebcb485d53814.js, undefined, undefined, 5880.9300, 0.6041, 7527.2720
https://www.blick.ch/assets/dist/js/npm.picturefill-20443fb282527205dc08.js, undefined, undefined, 3921.6300, 0.6006, 5908.7840
https://www.blick.ch/assets/dist/js/npm.ramda-750004b6b3ed53872d87.js, undefined, undefined, 3588.5200, 0.6026, 6132.9280
https://www.blick.ch/assets/dist/js/npm.react-dom-b4ee15d4b0cf7ae0bb09.js, undefined, undefined, 5124.3500, 0.3942, 8393.0720
https://www.blick.ch/assets/dist/js/npm.react-helmet-eba0f286d0840c4162b5.js, undefined, undefined, 5619.5350, 0.2911, 6243.9800
https://www.blick.ch/assets/dist/js/npm.react-redux-f5ca0c7d8589b123266c.js, undefined, undefined, 5229.2300, 0.6018, 6361.6700
https://www.blick.ch/assets/dist/js/npm.redux-saga-49784da900395fff15ed.js, undefined, undefined, 5562.9850, 0.6006, 6594.6920
https://www.blick.ch/assets/dist/js/npm.ringier-components-42b51a51ca8713c41351.js, undefined, undefined, 5361.9200, 0.6006, 6315.4290
https://www.blick.ch/assets/dist/js/npm.router5-fc05c739ad60dad1f6dc.js, undefined, undefined, 5711.9100, 0.6006, 6459.8750
https://www.blick.ch/assets/dist/js/npm.scrbbl-20ba3d5e42e54e6ffd42.js, undefined, undefined, 6029.6100, 0.6022, 6109.4650
https://www.blick.ch/assets/dist/js/npm.superagent-8f6d32711e0978c79611.js, undefined, undefined, 5370.2850, 0.6006, 7083.7950
https://www.blick.ch/assets/dist/js/vendors-26a980a470d048564c9c.js, undefined, undefined, 4949.4100, 0.0165, 3765.7920
https://www.blick.ch/assets/dist/js/sig-70fec608e94142b318ff.js, undefined, undefined, 16109.7150, 0.5904, 8659.4710
https://www.blick.ch/assets/dist/js/main-02670d7571115a638776.js, undefined, undefined, 5429.3300, 0.6022, 8373.6310
https://acdn.adnxs.com/ast/static/0.30.0/ast.js, true, false, 15193.9000, 0.5907, 8802.4180
https://www.googletagmanager.com/gtm.js?id=GTM-T3MW3GR, true, false, 14552.4900, 1.0573, 7925.3040
https://www.blick.ch/assets/dist/js/modal-e73310463a5ff6954951.js, undefined, undefined, 14919.3000, 1.4252, 11709.1890
https://tr1.admeira.ch/tr1.admeira.ch/v1/tagger.js, true, false, 18638.1300, 1.4252, 13592.7410
ALL, -, -,11979.6550, 1.0416, 13321.1440
https://cdn.admeira.ch/prod/tagmanager/blick.ch_de/1.7.2/atm.js, false, false, 13348.3300, 0.5624, 6254.7770
ALL, -, -,11312.7750, 1.2456, 8286.2630
/assets/dist/js/npm.core-js-fa64fd844f079ed4ac6b.js, false, false, 4181.3750, 0.0140, 2019.2040
/assets/dist/js/npm.react-1a801eaf54c263ef6fce.js, false, false, 3911.1300, 0.0142, 2045.5900
/assets/dist/js/npm.regenerator-runtime-e47ee341668e3b26126b.js, false, false, 4521.4050, 0.0142, 2091.6840
/assets/dist/js/npm.html-to-react-19ff49fcabbc782c38b9.js, false, false, 4293.7950, 0.6006, 4636.0570
/assets/dist/js/npm.i18next-1b2938f102a98ef5a956.js, false, false, 11028.9900, 0.6006, 4929.3110
