ALL, -, -,1658.0300, 9.9065, 711.1860
http://tobiaswillmann.de/fuckupwebvitals/fuckupLCP.js, true, false, 1755.8700, 3.8048, 672.9060
http://tobiaswillmann.de/fuckupwebvitals/fuckupCLS.js, false, false, 1603.4400, 0.0001, 676.3410
http://tobiaswillmann.de/wp-includes/js/jquery/jquery.js?ver=1.12.4, false, false, 1618.3950, 9.9063, 604.8290
http://tobiaswillmann.de/wp-includes/js/jquery/jquery-migrate.min.js?ver=1.4.1, false, false, 1725.5850, 9.9063, 714.5250
http://tobiaswillmann.de/wp-content/themes/twentyfifteen/js/skip-link-focus-fix.js?ver=20141010, false, false, 1765.0300, 9.9063, 759.6500
http://tobiaswillmann.de/wp-content/themes/twentyfifteen/js/functions.js?ver=20141212, false, false, 1853.0350, 9.9063, 661.8020
http://tobiaswillmann.de/wp-includes/js/wp-embed.min.js?ver=4.8.3, false, false, 1721.6650, 9.9063, 734.2850
ALL, -, -,1689.6850, 9.9065, 711.5410
http://tobiaswillmann.de/fuckupwebvitals/fuckupLCP.js, true, false, 1772.9700, 3.8048, 675.7660
http://tobiaswillmann.de/fuckupwebvitals/fuckupCLS.js, false, false, 1797.0950, 0.0001, 688.2220
http://tobiaswillmann.de/wp-includes/js/jquery/jquery.js?ver=1.12.4, false, false, 1577.2850, 9.9063, 572.3460
http://tobiaswillmann.de/wp-includes/js/jquery/jquery-migrate.min.js?ver=1.4.1, false, false, 1560.2750, 9.9063, 644.2630
http://tobiaswillmann.de/wp-content/themes/twentyfifteen/js/skip-link-focus-fix.js?ver=20141010, false, false, 1772.0050, 9.9063, 753.3940
http://tobiaswillmann.de/wp-content/themes/twentyfifteen/js/functions.js?ver=20141212, false, false, 1672.8350, 9.9063, 660.5700
http://tobiaswillmann.de/wp-includes/js/wp-embed.min.js?ver=4.8.3, false, false, 1996.3900, 9.9063, 704.7990
ALL, -, -,1723.2900, 9.9065, 695.3580
http://tobiaswillmann.de/fuckupwebvitals/fuckupLCP.js, true, false, 1598.1150, 3.8048, 661.7110
http://tobiaswillmann.de/fuckupwebvitals/fuckupCLS.js, false, false, 1601.7350, 0.0001, 659.2320
http://tobiaswillmann.de/wp-includes/js/jquery/jquery.js?ver=1.12.4, false, false, 2248.5750, 9.9063, 574.1330
http://tobiaswillmann.de/wp-includes/js/jquery/jquery-migrate.min.js?ver=1.4.1, false, false, 1646.3500, 9.9063, 682.2300
http://tobiaswillmann.de/wp-content/themes/twentyfifteen/js/skip-link-focus-fix.js?ver=20141010, false, false, 1768.8050, 9.9063, 696.6690
http://tobiaswillmann.de/wp-content/themes/twentyfifteen/js/functions.js?ver=20141212, false, false, 1645.0200, 9.9063, 651.2710
http://tobiaswillmann.de/wp-includes/js/wp-embed.min.js?ver=4.8.3, false, false, 1670.1200, 9.9063, 704.3180
ALL, -, -,2060.9450, 9.9065, 710.3320
http://tobiaswillmann.de/fuckupwebvitals/fuckupLCP.js, true, false, 1677.5650, 3.8048, 668.1150
http://tobiaswillmann.de/fuckupwebvitals/fuckupCLS.js, false, false, 1608.8850, 0.0001, 664.1160
http://tobiaswillmann.de/wp-includes/js/jquery/jquery.js?ver=1.12.4, false, false, 5104.2200, 10.2652, 559.4930
http://tobiaswillmann.de/wp-includes/js/jquery/jquery-migrate.min.js?ver=1.4.1, false, false, 1732.2000, 9.9063, 766.2490
http://tobiaswillmann.de/wp-content/themes/twentyfifteen/js/skip-link-focus-fix.js?ver=20141010, false, false, 1765.5400, 9.9063, 671.2620
http://tobiaswillmann.de/wp-content/themes/twentyfifteen/js/functions.js?ver=20141212, false, false, 1674.1450, 9.9063, 639.6750
http://tobiaswillmann.de/wp-includes/js/wp-embed.min.js?ver=4.8.3, false, false, 1623.0050, 9.9063, 663.2780
ALL, -, -,1778.8150, 9.9063, 680.7990
http://tobiaswillmann.de/fuckupwebvitals/fuckupLCP.js, true, false, 1682.0500, 3.8048, 658.6510
http://tobiaswillmann.de/fuckupwebvitals/fuckupCLS.js, false, false, 1965.7300, 0.0001, 646.5630
http://tobiaswillmann.de/wp-includes/js/jquery/jquery.js?ver=1.12.4, false, false, 1508.0200, 9.9063, 553.3640
http://tobiaswillmann.de/wp-includes/js/jquery/jquery-migrate.min.js?ver=1.4.1, false, false, 1591.7850, 9.9063, 658.5650
http://tobiaswillmann.de/wp-content/themes/twentyfifteen/js/skip-link-focus-fix.js?ver=20141010, false, false, 1628.0350, 9.9063, 672.6850
http://tobiaswillmann.de/wp-content/themes/twentyfifteen/js/functions.js?ver=20141212, false, false, 1622.2700, 9.9063, 634.4290
http://tobiaswillmann.de/wp-includes/js/wp-embed.min.js?ver=4.8.3, false, false, 1744.8650, 9.9063, 698.5000
ALL, -, -,1558.2100, 9.9065, 658.8340
http://tobiaswillmann.de/fuckupwebvitals/fuckupLCP.js, true, false, 1653.4850, 3.8048, 660.1670
http://tobiaswillmann.de/fuckupwebvitals/fuckupCLS.js, false, false, 1544.3250, 0.0001, 662.9040
http://tobiaswillmann.de/wp-includes/js/jquery/jquery.js?ver=1.12.4, false, false, 1533.7550, 9.9063, 565.2920
http://tobiaswillmann.de/wp-includes/js/jquery/jquery-migrate.min.js?ver=1.4.1, false, false, 1783.0100, 9.9063, 685.7530
http://tobiaswillmann.de/wp-content/themes/twentyfifteen/js/skip-link-focus-fix.js?ver=20141010, false, false, 1611.8450, 9.9063, 669.1090
http://tobiaswillmann.de/wp-content/themes/twentyfifteen/js/functions.js?ver=20141212, false, false, 1609.9600, 9.9063, 633.9800
http://tobiaswillmann.de/wp-includes/js/wp-embed.min.js?ver=4.8.3, false, false, 1610.9100, 9.9063, 684.1470
ALL, -, -,1679.6800, 9.9065, 697.8340
http://tobiaswillmann.de/fuckupwebvitals/fuckupLCP.js, true, false, 1607.6900, 3.8048, 653.6800
http://tobiaswillmann.de/fuckupwebvitals/fuckupCLS.js, false, false, 1545.8800, 0.0001, 653.3610
http://tobiaswillmann.de/wp-includes/js/jquery/jquery.js?ver=1.12.4, false, false, 1509.0250, 9.9063, 544.4070
http://tobiaswillmann.de/wp-includes/js/jquery/jquery-migrate.min.js?ver=1.4.1, false, false, 1628.4300, 9.9063, 656.6590
http://tobiaswillmann.de/wp-content/themes/twentyfifteen/js/skip-link-focus-fix.js?ver=20141010, false, false, 1816.7550, 9.9063, 674.6750
http://tobiaswillmann.de/wp-content/themes/twentyfifteen/js/functions.js?ver=20141212, false, false, 1867.2500, 9.9063, 647.4970
http://tobiaswillmann.de/wp-includes/js/wp-embed.min.js?ver=4.8.3, false, false, 1857.8550, 9.9063, 690.4040
ALL, -, -,2080.8600, 9.9063, 689.5140
http://tobiaswillmann.de/fuckupwebvitals/fuckupLCP.js, true, false, 1796.5500, 3.8048, 657.1310
http://tobiaswillmann.de/fuckupwebvitals/fuckupCLS.js, false, false, 1546.4150, 0.0001, 645.2690
http://tobiaswillmann.de/wp-includes/js/jquery/jquery.js?ver=1.12.4, false, false, 1505.1100, 9.9063, 542.8000
http://tobiaswillmann.de/wp-includes/js/jquery/jquery-migrate.min.js?ver=1.4.1, false, false, 1832.1150, 9.9063, 678.5100
http://tobiaswillmann.de/wp-content/themes/twentyfifteen/js/skip-link-focus-fix.js?ver=20141010, false, false, 1619.5400, 9.9063, 676.4610
http://tobiaswillmann.de/wp-content/themes/twentyfifteen/js/functions.js?ver=20141212, false, false, 1541.3750, 9.9063, 620.8380
http://tobiaswillmann.de/wp-includes/js/wp-embed.min.js?ver=4.8.3, false, false, 1621.2350, 9.9063, 670.9210
ALL, -, -,1578.8100, 9.9065, 671.1920
http://tobiaswillmann.de/fuckupwebvitals/fuckupLCP.js, true, false, 1635.9200, 3.8048, 691.0600
http://tobiaswillmann.de/fuckupwebvitals/fuckupCLS.js, false, false, 1698.0000, 0.0001, 643.3260
http://tobiaswillmann.de/wp-includes/js/jquery/jquery.js?ver=1.12.4, false, false, 1524.0800, 9.9063, 556.3240
http://tobiaswillmann.de/wp-includes/js/jquery/jquery-migrate.min.js?ver=1.4.1, false, false, 1682.9450, 9.9063, 697.5720
http://tobiaswillmann.de/wp-content/themes/twentyfifteen/js/skip-link-focus-fix.js?ver=20141010, false, false, 1972.3100, 9.9063, 695.0260
http://tobiaswillmann.de/wp-content/themes/twentyfifteen/js/functions.js?ver=20141212, false, false, 1853.7500, 9.9063, 660.2050
http://tobiaswillmann.de/wp-includes/js/wp-embed.min.js?ver=4.8.3, false, false, 1634.5650, 9.9063, 697.5190
ALL, -, -,1911.4250, 9.9065, 678.7320
http://tobiaswillmann.de/fuckupwebvitals/fuckupLCP.js, true, false, 1607.3500, 3.8048, 659.2350
http://tobiaswillmann.de/fuckupwebvitals/fuckupCLS.js, false, false, 1507.0450, 0.0001, 620.3590
http://tobiaswillmann.de/wp-includes/js/jquery/jquery.js?ver=1.12.4, false, false, 1483.0100, 9.9063, 540.9010
http://tobiaswillmann.de/wp-includes/js/jquery/jquery-migrate.min.js?ver=1.4.1, false, false, 1593.1350, 9.9063, 663.9260
http://tobiaswillmann.de/wp-content/themes/twentyfifteen/js/skip-link-focus-fix.js?ver=20141010, false, false, 1705.0800, 9.9063, 678.3530
http://tobiaswillmann.de/wp-content/themes/twentyfifteen/js/functions.js?ver=20141212, false, false, 1695.3450, 9.9063, 634.3680
http://tobiaswillmann.de/wp-includes/js/wp-embed.min.js?ver=4.8.3, false, false, 1578.2700, 9.9063, 674.2210
ALL, -, -,26509.8350, 3.8050, 6822.6560
http://tobiaswillmann.de/fuckupwebvitals/fuckupLCP.js, false, false, 1706.7250, 3.8048, 754.2460
http://tobiaswillmann.de/fuckupwebvitals/fuckupCLS.js, true, false, 26873.1450, 0.0001, 7066.2470
http://tobiaswillmann.de/wp-includes/js/jquery/jquery.js?ver=1.12.4, false, false, 26554.5100, 3.8048, 6803.5160
http://tobiaswillmann.de/wp-includes/js/jquery/jquery-migrate.min.js?ver=1.4.1, false, false, 26470.7900, 3.8048, 6732.4450
http://tobiaswillmann.de/wp-content/themes/twentyfifteen/js/skip-link-focus-fix.js?ver=20141010, false, false, 27263.7150, 3.8048, 7498.2200
http://tobiaswillmann.de/wp-content/themes/twentyfifteen/js/functions.js?ver=20141212, false, false, 26785.7750, 3.8048, 6854.6160
http://tobiaswillmann.de/wp-includes/js/wp-embed.min.js?ver=4.8.3, false, false, 26495.5050, 3.8048, 6766.9990
ALL, -, -,26345.4100, 3.8050, 6671.9580
http://tobiaswillmann.de/fuckupwebvitals/fuckupLCP.js, false, false, 1626.9700, 0.0001, 705.6900
http://tobiaswillmann.de/fuckupwebvitals/fuckupCLS.js, true, false, 27040.6200, 0.0001, 7275.4110
http://tobiaswillmann.de/wp-includes/js/jquery/jquery.js?ver=1.12.4, false, false, 26126.3500, 3.8048, 6638.8420
http://tobiaswillmann.de/wp-includes/js/jquery/jquery-migrate.min.js?ver=1.4.1, false, false, 26355.6450, 3.8048, 6643.6350
http://tobiaswillmann.de/wp-content/themes/twentyfifteen/js/skip-link-focus-fix.js?ver=20141010, false, false, 27192.7450, 3.8048, 7422.8110
http://tobiaswillmann.de/wp-content/themes/twentyfifteen/js/functions.js?ver=20141212, false, false, 26326.5900, 3.8048, 6604.5780
http://tobiaswillmann.de/wp-includes/js/wp-embed.min.js?ver=4.8.3, false, false, 26422.0700, 3.8048, 6721.7380
ALL, -, -,26360.4100, 3.8050, 6698.2750
http://tobiaswillmann.de/fuckupwebvitals/fuckupLCP.js, false, false, 1525.0750, 3.8048, 672.2750
http://tobiaswillmann.de/fuckupwebvitals/fuckupCLS.js, true, false, 26316.5950, 0.0001, 6652.2610
http://tobiaswillmann.de/wp-includes/js/jquery/jquery.js?ver=1.12.4, false, false, 25905.3550, 3.8048, 6417.3430
http://tobiaswillmann.de/wp-includes/js/jquery/jquery-migrate.min.js?ver=1.4.1, false, false, 26442.3250, 3.8048, 6754.2340
http://tobiaswillmann.de/wp-content/themes/twentyfifteen/js/skip-link-focus-fix.js?ver=20141010, false, false, 26438.7500, 3.8048, 6717.4860
http://tobiaswillmann.de/wp-content/themes/twentyfifteen/js/functions.js?ver=20141212, false, false, 26367.3950, 3.8048, 6707.9000
http://tobiaswillmann.de/wp-includes/js/wp-embed.min.js?ver=4.8.3, false, false, 26346.3150, 3.8048, 6642.6080
ALL, -, -,26434.4750, 3.8050, 6784.3400
http://tobiaswillmann.de/fuckupwebvitals/fuckupLCP.js, false, false, 1564.6300, 3.8048, 687.1770
http://tobiaswillmann.de/fuckupwebvitals/fuckupCLS.js, true, false, 27316.0000, 0.0001, 7602.3570
http://tobiaswillmann.de/wp-includes/js/jquery/jquery.js?ver=1.12.4, false, false, 26506.8150, 3.8048, 6709.2100
http://tobiaswillmann.de/wp-includes/js/jquery/jquery-migrate.min.js?ver=1.4.1, false, false, 27129.6500, 3.8048, 7296.4680
http://tobiaswillmann.de/wp-content/themes/twentyfifteen/js/skip-link-focus-fix.js?ver=20141010, false, false, 27139.0750, 3.8048, 7392.8190
http://tobiaswillmann.de/wp-content/themes/twentyfifteen/js/functions.js?ver=20141212, false, false, 26572.7800, 3.8048, 6712.7230
http://tobiaswillmann.de/wp-includes/js/wp-embed.min.js?ver=4.8.3, false, false, 27211.1500, 3.8048, 7403.9900
ALL, -, -,27055.4950, 3.8050, 7123.6140
http://tobiaswillmann.de/fuckupwebvitals/fuckupLCP.js, false, false, 1522.2550, 0.0001, 641.2190
http://tobiaswillmann.de/fuckupwebvitals/fuckupCLS.js, true, false, 26261.8350, 0.0001, 6584.6580
http://tobiaswillmann.de/wp-includes/js/jquery/jquery.js?ver=1.12.4, false, false, 26175.6300, 3.8048, 6663.7210
http://tobiaswillmann.de/wp-includes/js/jquery/jquery-migrate.min.js?ver=1.4.1, false, false, 27036.4700, 3.8048, 7279.4160
http://tobiaswillmann.de/wp-content/themes/twentyfifteen/js/skip-link-focus-fix.js?ver=20141010, false, false, 27038.2250, 3.8048, 7236.7080
http://tobiaswillmann.de/wp-content/themes/twentyfifteen/js/functions.js?ver=20141212, false, false, 26686.7050, 3.8048, 6773.8190
http://tobiaswillmann.de/wp-includes/js/wp-embed.min.js?ver=4.8.3, false, false, 26676.6500, 3.8048, 6900.3500
ALL, -, -,27112.9000, 3.8050, 7478.6790
http://tobiaswillmann.de/fuckupwebvitals/fuckupLCP.js, false, false, 1525.9900, 3.8048, 664.4560
http://tobiaswillmann.de/fuckupwebvitals/fuckupCLS.js, true, false, 26587.5850, 0.0001, 6865.3290
http://tobiaswillmann.de/wp-includes/js/jquery/jquery.js?ver=1.12.4, false, false, 26249.3150, 3.8048, 6687.3850
http://tobiaswillmann.de/wp-includes/js/jquery/jquery-migrate.min.js?ver=1.4.1, false, false, 27276.9200, 3.8048, 7577.8850
http://tobiaswillmann.de/wp-content/themes/twentyfifteen/js/skip-link-focus-fix.js?ver=20141010, false, false, 26334.8400, 3.8048, 6639.8890
http://tobiaswillmann.de/wp-content/themes/twentyfifteen/js/functions.js?ver=20141212, false, false, 26379.4450, 3.8048, 6652.4970
http://tobiaswillmann.de/wp-includes/js/wp-embed.min.js?ver=4.8.3, false, false, 27668.9550, 3.8048, 7568.0970
ALL, -, -,26532.9900, 3.8050, 6781.0280
http://tobiaswillmann.de/fuckupwebvitals/fuckupLCP.js, false, false, 1566.0950, 3.8048, 688.6010
http://tobiaswillmann.de/fuckupwebvitals/fuckupCLS.js, true, false, 26450.2100, 0.0001, 6725.9050
http://tobiaswillmann.de/wp-includes/js/jquery/jquery.js?ver=1.12.4, false, false, 26115.7450, 3.8048, 6623.6320
http://tobiaswillmann.de/wp-includes/js/jquery/jquery-migrate.min.js?ver=1.4.1, false, false, 26399.9550, 3.8048, 6711.3310
http://tobiaswillmann.de/wp-content/themes/twentyfifteen/js/skip-link-focus-fix.js?ver=20141010, false, false, 26550.2150, 3.8048, 6838.8010
http://tobiaswillmann.de/wp-content/themes/twentyfifteen/js/functions.js?ver=20141212, false, false, 26390.7550, 3.8048, 6665.5670
http://tobiaswillmann.de/wp-includes/js/wp-embed.min.js?ver=4.8.3, false, false, 26468.6750, 3.8048, 6781.1920
ALL, -, -,26475.1950, 3.8050, 6770.5850
http://tobiaswillmann.de/fuckupwebvitals/fuckupLCP.js, false, false, 1484.9800, 3.8048, 662.3760
http://tobiaswillmann.de/fuckupwebvitals/fuckupCLS.js, true, false, 26514.4300, 0.0001, 6792.0950
http://tobiaswillmann.de/wp-includes/js/jquery/jquery.js?ver=1.12.4, false, false, 26027.2300, 3.8048, 6542.5040
http://tobiaswillmann.de/wp-includes/js/jquery/jquery-migrate.min.js?ver=1.4.1, false, false, 26304.4900, 3.8048, 6614.3040
http://tobiaswillmann.de/wp-content/themes/twentyfifteen/js/skip-link-focus-fix.js?ver=20141010, false, false, 26327.2250, 3.8048, 6618.2270
http://tobiaswillmann.de/wp-content/themes/twentyfifteen/js/functions.js?ver=20141212, false, false, 26428.6350, 3.8048, 6734.7990
http://tobiaswillmann.de/wp-includes/js/wp-embed.min.js?ver=4.8.3, false, false, 26520.0250, 3.8048, 6845.6570
ALL, -, -,26358.2300, 3.8050, 6634.6070
http://tobiaswillmann.de/fuckupwebvitals/fuckupLCP.js, false, false, 1542.2500, 0.0001, 672.4720
http://tobiaswillmann.de/fuckupwebvitals/fuckupCLS.js, true, false, 26296.9750, 0.0001, 6602.7970
http://tobiaswillmann.de/wp-includes/js/jquery/jquery.js?ver=1.12.4, false, false, 28079.0850, 3.8048, 8369.9400
http://tobiaswillmann.de/wp-includes/js/jquery/jquery-migrate.min.js?ver=1.4.1, false, false, 26338.9750, 3.8048, 6631.2380
http://tobiaswillmann.de/wp-content/themes/twentyfifteen/js/skip-link-focus-fix.js?ver=20141010, false, false, 26251.9950, 3.8048, 6583.9030
http://tobiaswillmann.de/wp-content/themes/twentyfifteen/js/functions.js?ver=20141212, false, false, 26345.6000, 3.8048, 6644.3400
http://tobiaswillmann.de/wp-includes/js/wp-embed.min.js?ver=4.8.3, false, false, 26274.7400, 3.8048, 6613.1060
ALL, -, -,26382.5950, 3.8050, 6656.5580
http://tobiaswillmann.de/fuckupwebvitals/fuckupLCP.js, false, false, 1532.5850, 3.8048, 673.9760
http://tobiaswillmann.de/fuckupwebvitals/fuckupCLS.js, true, false, 26405.9750, 0.0001, 6699.4370
http://tobiaswillmann.de/wp-includes/js/jquery/jquery.js?ver=1.12.4, false, false, 26143.0200, 3.8048, 6787.5190
http://tobiaswillmann.de/wp-includes/js/jquery/jquery-migrate.min.js?ver=1.4.1, false, false, 26346.9900, 3.8048, 6650.8570
http://tobiaswillmann.de/wp-content/themes/twentyfifteen/js/skip-link-focus-fix.js?ver=20141010, false, false, 26301.6150, 3.8048, 6611.4970
http://tobiaswillmann.de/wp-content/themes/twentyfifteen/js/functions.js?ver=20141212, false, false, 26336.9800, 3.8048, 6598.2780
http://tobiaswillmann.de/wp-includes/js/wp-embed.min.js?ver=4.8.3, false, false, 26295.9300, 3.8048, 6602.9230
ALL, -, -,27530.6800, 3.8050, 7819.2230
http://tobiaswillmann.de/fuckupwebvitals/fuckupLCP.js, false, false, 1588.2500, 3.8048, 699.0850
http://tobiaswillmann.de/fuckupwebvitals/fuckupCLS.js, false, false, 26850.0450, 0.0001, 7142.8800
http://tobiaswillmann.de/wp-includes/js/jquery/jquery.js?ver=1.12.4, false, false, 33063.9750, 3.8048, 6944.6390
http://tobiaswillmann.de/wp-includes/js/jquery/jquery-migrate.min.js?ver=1.4.1, false, false, 26803.2500, 3.8048, 7074.3270
http://tobiaswillmann.de/wp-content/themes/twentyfifteen/js/skip-link-focus-fix.js?ver=20141010, false, false, 27349.2000, 3.8048, 7099.4970
http://tobiaswillmann.de/wp-content/themes/twentyfifteen/js/functions.js?ver=20141212, false, false, 26808.5150, 3.8048, 7107.9080
http://tobiaswillmann.de/wp-includes/js/wp-embed.min.js?ver=4.8.3, false, false, 26768.8900, 3.8048, 7030.6540
ALL, -, -,26782.6300, 3.8050, 7095.6450
http://tobiaswillmann.de/fuckupwebvitals/fuckupLCP.js, false, false, 1619.1900, 3.8048, 699.0610
http://tobiaswillmann.de/fuckupwebvitals/fuckupCLS.js, false, false, 26717.3100, 0.0001, 6971.0940
http://tobiaswillmann.de/wp-includes/js/jquery/jquery.js?ver=1.12.4, false, false, 26209.3600, 3.8048, 6686.7670
http://tobiaswillmann.de/wp-includes/js/jquery/jquery-migrate.min.js?ver=1.4.1, false, false, 26596.1000, 3.8048, 6877.0120
http://tobiaswillmann.de/wp-content/themes/twentyfifteen/js/skip-link-focus-fix.js?ver=20141010, false, false, 26518.2100, 3.8048, 6774.9410
http://tobiaswillmann.de/wp-content/themes/twentyfifteen/js/functions.js?ver=20141212, false, false, 26463.2700, 3.8048, 6805.6010
http://tobiaswillmann.de/wp-includes/js/wp-embed.min.js?ver=4.8.3, false, false, 26529.9850, 3.8048, 6846.7880
ALL, -, -,26515.8350, 3.8050, 6877.3130
http://tobiaswillmann.de/fuckupwebvitals/fuckupLCP.js, false, false, 2067.5150, 3.8048, 698.8770
http://tobiaswillmann.de/fuckupwebvitals/fuckupCLS.js, false, false, 27596.3150, 0.0001, 7862.6360
http://tobiaswillmann.de/wp-includes/js/jquery/jquery.js?ver=1.12.4, false, false, 26000.1500, 3.8048, 6502.1120
http://tobiaswillmann.de/wp-includes/js/jquery/jquery-migrate.min.js?ver=1.4.1, false, false, 26374.9750, 3.8048, 6674.7680
http://tobiaswillmann.de/wp-content/themes/twentyfifteen/js/skip-link-focus-fix.js?ver=20141010, false, false, 26373.5100, 3.8048, 6658.4210
http://tobiaswillmann.de/wp-content/themes/twentyfifteen/js/functions.js?ver=20141212, false, false, 26305.8750, 3.8048, 6604.3720
http://tobiaswillmann.de/wp-includes/js/wp-embed.min.js?ver=4.8.3, false, false, 26343.7550, 3.8048, 6658.5110
ALL, -, -,28901.4250, 3.8050, 6670.0440
http://tobiaswillmann.de/fuckupwebvitals/fuckupLCP.js, false, false, 1799.3250, 3.8048, 660.3390
http://tobiaswillmann.de/fuckupwebvitals/fuckupCLS.js, false, false, 26442.6500, 0.0001, 6716.9830
http://tobiaswillmann.de/wp-includes/js/jquery/jquery.js?ver=1.12.4, false, false, 28938.0350, 3.8048, 6626.6920
http://tobiaswillmann.de/wp-includes/js/jquery/jquery-migrate.min.js?ver=1.4.1, false, false, 28513.1900, 3.8048, 6547.8690
http://tobiaswillmann.de/wp-content/themes/twentyfifteen/js/skip-link-focus-fix.js?ver=20141010, false, false, 26363.8450, 3.8048, 6656.9480
http://tobiaswillmann.de/wp-content/themes/twentyfifteen/js/functions.js?ver=20141212, false, false, 26335.5450, 3.8048, 6639.4840
http://tobiaswillmann.de/wp-includes/js/wp-embed.min.js?ver=4.8.3, false, false, 26449.5150, 3.8048, 6786.4100
ALL, -, -,26308.1850, 3.8050, 6605.5930
http://tobiaswillmann.de/fuckupwebvitals/fuckupLCP.js, false, false, 1578.4300, 3.8048, 657.7940
http://tobiaswillmann.de/fuckupwebvitals/fuckupCLS.js, false, false, 26367.7700, 0.0001, 6652.9290
http://tobiaswillmann.de/wp-includes/js/jquery/jquery.js?ver=1.12.4, false, false, 26255.3700, 3.8048, 6634.3770
http://tobiaswillmann.de/wp-includes/js/jquery/jquery-migrate.min.js?ver=1.4.1, false, false, 26674.1950, 3.8048, 6791.9440
http://tobiaswillmann.de/wp-content/themes/twentyfifteen/js/skip-link-focus-fix.js?ver=20141010, false, false, 27363.2550, 3.8048, 7556.6090
http://tobiaswillmann.de/wp-content/themes/twentyfifteen/js/functions.js?ver=20141212, false, false, 26718.9100, 3.8048, 7023.7170
http://tobiaswillmann.de/wp-includes/js/wp-embed.min.js?ver=4.8.3, false, false, 26368.4150, 3.8048, 6731.1490
ALL, -, -,26524.2350, 3.8050, 6730.5600
http://tobiaswillmann.de/fuckupwebvitals/fuckupLCP.js, false, false, 1576.1350, 3.8048, 653.4040
http://tobiaswillmann.de/fuckupwebvitals/fuckupCLS.js, false, false, 26390.9650, 0.0001, 6714.8930
http://tobiaswillmann.de/wp-includes/js/jquery/jquery.js?ver=1.12.4, false, false, 26102.1600, 3.8048, 6623.7610
http://tobiaswillmann.de/wp-includes/js/jquery/jquery-migrate.min.js?ver=1.4.1, false, false, 26324.5250, 3.8048, 6666.4570
http://tobiaswillmann.de/wp-content/themes/twentyfifteen/js/skip-link-focus-fix.js?ver=20141010, false, false, 26389.3550, 3.8048, 6713.1450
http://tobiaswillmann.de/wp-content/themes/twentyfifteen/js/functions.js?ver=20141212, false, false, 26267.9200, 3.8048, 6731.3800
http://tobiaswillmann.de/wp-includes/js/wp-embed.min.js?ver=4.8.3, false, false, 26380.7350, 3.8048, 6710.2620
ALL, -, -,26349.2150, 3.8050, 6718.3470
http://tobiaswillmann.de/fuckupwebvitals/fuckupLCP.js, false, false, 1604.8650, 3.8048, 681.3700
http://tobiaswillmann.de/fuckupwebvitals/fuckupCLS.js, false, false, 26447.2700, 0.0001, 6745.3990
http://tobiaswillmann.de/wp-includes/js/jquery/jquery.js?ver=1.12.4, false, false, 26255.2500, 3.8048, 6781.5610
http://tobiaswillmann.de/wp-includes/js/jquery/jquery-migrate.min.js?ver=1.4.1, false, false, 26526.8250, 3.8048, 6718.2900
http://tobiaswillmann.de/wp-content/themes/twentyfifteen/js/skip-link-focus-fix.js?ver=20141010, false, false, 26618.2900, 3.8048, 6650.2060
http://tobiaswillmann.de/wp-content/themes/twentyfifteen/js/functions.js?ver=20141212, false, false, 26357.8650, 3.8048, 6558.5680
http://tobiaswillmann.de/wp-includes/js/wp-embed.min.js?ver=4.8.3, false, false, 26934.0700, 3.8048, 7191.4560
ALL, -, -,26735.8900, 3.8050, 6959.8920
http://tobiaswillmann.de/fuckupwebvitals/fuckupLCP.js, false, false, 1686.2000, 3.8048, 665.4100
http://tobiaswillmann.de/fuckupwebvitals/fuckupCLS.js, false, false, 26493.3700, 0.0001, 6778.4660
http://tobiaswillmann.de/wp-includes/js/jquery/jquery.js?ver=1.12.4, false, false, 26134.7750, 3.8048, 6643.0030
ALL, -, -,27055.1650, 3.8050, 7276.4430
http://tobiaswillmann.de/fuckupwebvitals/fuckupCLS.js, false, false, 29359.4250, 0.0001, 8048.6040
http://tobiaswillmann.de/fuckupwebvitals/fuckupLCP.js, false, false, 1646.2050, 3.8048, 714.6070
http://tobiaswillmann.de/wp-includes/js/jquery/jquery.js?ver=1.12.4, false, false, 26640.5250, 3.8071, 7069.9420
http://tobiaswillmann.de/wp-includes/js/jquery/jquery-migrate.min.js?ver=1.4.1, false, false, 26409.6600, 3.8071, 6673.1300
http://tobiaswillmann.de/wp-content/themes/twentyfifteen/js/skip-link-focus-fix.js?ver=20141010, false, false, 26861.4550, 3.8071, 7038.7060
http://tobiaswillmann.de/wp-content/themes/twentyfifteen/js/functions.js?ver=20141212, false, false, 26339.3950, 3.8071, 6635.3340
http://tobiaswillmann.de/wp-includes/js/wp-embed.min.js?ver=4.8.3, false, false, 26486.1100, 3.8071, 6772.3190
ALL, -, -,26643.1350, 3.8050, 6800.4090
http://tobiaswillmann.de/fuckupwebvitals/fuckupCLS.js, false, false, 26364.6050, 0.0001, 6597.3930
http://tobiaswillmann.de/fuckupwebvitals/fuckupLCP.js, false, false, 1678.4900, 3.8048, 652.6740
http://tobiaswillmann.de/wp-includes/js/jquery/jquery.js?ver=1.12.4, false, false, 26053.3250, 3.8071, 6528.4200
http://tobiaswillmann.de/wp-includes/js/jquery/jquery-migrate.min.js?ver=1.4.1, false, false, 26416.7050, 3.8071, 6723.5730
http://tobiaswillmann.de/wp-content/themes/twentyfifteen/js/skip-link-focus-fix.js?ver=20141010, false, false, 26465.0700, 3.8071, 6781.6600
http://tobiaswillmann.de/wp-content/themes/twentyfifteen/js/functions.js?ver=20141212, false, false, 26374.9050, 3.8071, 6588.3360
http://tobiaswillmann.de/wp-includes/js/wp-embed.min.js?ver=4.8.3, false, false, 26516.1500, 3.8071, 6823.3420
ALL, -, -,26556.7900, 3.8050, 6887.0600
http://tobiaswillmann.de/fuckupwebvitals/fuckupCLS.js, false, false, 26329.0200, 0.0001, 6647.7180
http://tobiaswillmann.de/fuckupwebvitals/fuckupLCP.js, false, false, 1592.9750, 3.8048, 676.2340
http://tobiaswillmann.de/wp-includes/js/jquery/jquery.js?ver=1.12.4, false, false, 26085.6800, 3.8071, 6591.5370
http://tobiaswillmann.de/wp-includes/js/jquery/jquery-migrate.min.js?ver=1.4.1, false, false, 26586.6450, 3.8071, 6696.9350
http://tobiaswillmann.de/wp-content/themes/twentyfifteen/js/skip-link-focus-fix.js?ver=20141010, false, false, 26512.1950, 3.8071, 6750.6830
http://tobiaswillmann.de/wp-content/themes/twentyfifteen/js/functions.js?ver=20141212, false, false, 26289.3050, 3.8071, 6630.6020
http://tobiaswillmann.de/wp-includes/js/wp-embed.min.js?ver=4.8.3, false, false, 26712.9500, 3.8071, 6690.9650
ALL, -, -,26336.2600, 3.8071, 6647.6150
http://tobiaswillmann.de/fuckupwebvitals/fuckupCLS.js, false, false, 26353.3700, 0.0001, 6663.3550
http://tobiaswillmann.de/fuckupwebvitals/fuckupLCP.js, false, false, 1525.5450, 3.8048, 645.9220
http://tobiaswillmann.de/wp-includes/js/jquery/jquery.js?ver=1.12.4, false, false, 26183.6450, 3.8071, 6658.8120
http://tobiaswillmann.de/wp-includes/js/jquery/jquery-migrate.min.js?ver=1.4.1, false, false, 26326.2800, 3.8071, 6666.7750
http://tobiaswillmann.de/wp-content/themes/twentyfifteen/js/skip-link-focus-fix.js?ver=20141010, false, false, 26416.3000, 3.8071, 6719.7620
http://tobiaswillmann.de/wp-content/themes/twentyfifteen/js/functions.js?ver=20141212, false, false, 26523.8800, 3.8071, 6705.8230
http://tobiaswillmann.de/wp-includes/js/wp-embed.min.js?ver=4.8.3, false, false, 26459.6250, 3.8071, 6807.4300
ALL, -, -,26258.2750, 3.8050, 6613.0840
http://tobiaswillmann.de/fuckupwebvitals/fuckupCLS.js, false, false, 26589.0100, 0.0001, 6773.2280
http://tobiaswillmann.de/fuckupwebvitals/fuckupLCP.js, false, false, 1562.2650, 3.8048, 674.5110
http://tobiaswillmann.de/wp-includes/js/jquery/jquery.js?ver=1.12.4, false, false, 26040.9550, 3.8071, 6565.9960
http://tobiaswillmann.de/wp-includes/js/jquery/jquery-migrate.min.js?ver=1.4.1, false, false, 26411.8050, 3.8071, 6668.8220
http://tobiaswillmann.de/wp-content/themes/twentyfifteen/js/skip-link-focus-fix.js?ver=20141010, false, false, 26378.3800, 3.8071, 6683.6030
http://tobiaswillmann.de/wp-content/themes/twentyfifteen/js/functions.js?ver=20141212, false, false, 26493.5550, 3.8071, 6800.9610
http://tobiaswillmann.de/wp-includes/js/wp-embed.min.js?ver=4.8.3, false, false, 26399.8050, 3.8071, 6702.0950
ALL, -, -,26398.7300, 3.8074, 6690.8100
http://tobiaswillmann.de/fuckupwebvitals/fuckupCLS.js, false, false, 26461.3500, 0.0001, 6731.4140
http://tobiaswillmann.de/fuckupwebvitals/fuckupLCP.js, false, false, 1534.3000, 3.8048, 656.9610
http://tobiaswillmann.de/wp-includes/js/jquery/jquery.js?ver=1.12.4, false, false, 26059.1300, 3.8071, 6560.5100
http://tobiaswillmann.de/wp-includes/js/jquery/jquery-migrate.min.js?ver=1.4.1, false, false, 26330.2800, 3.8071, 6617.9530
http://tobiaswillmann.de/wp-content/themes/twentyfifteen/js/skip-link-focus-fix.js?ver=20141010, false, false, 26355.5400, 3.8071, 6678.2760
http://tobiaswillmann.de/wp-content/themes/twentyfifteen/js/functions.js?ver=20141212, false, false, 26300.3200, 3.8071, 6596.1660
http://tobiaswillmann.de/wp-includes/js/wp-embed.min.js?ver=4.8.3, false, false, 26331.0550, 3.8071, 6664.5110
ALL, -, -,26322.5000, 3.8074, 6617.9270
http://tobiaswillmann.de/fuckupwebvitals/fuckupCLS.js, false, false, 26315.4750, 0.0001, 6652.5690
http://tobiaswillmann.de/fuckupwebvitals/fuckupLCP.js, false, false, 1596.6350, 3.8048, 687.2070
http://tobiaswillmann.de/wp-includes/js/jquery/jquery.js?ver=1.12.4, false, false, 26176.5500, 3.8071, 6536.0790
http://tobiaswillmann.de/wp-includes/js/jquery/jquery-migrate.min.js?ver=1.4.1, false, false, 26339.2700, 3.8071, 6649.7440
http://tobiaswillmann.de/wp-content/themes/twentyfifteen/js/skip-link-focus-fix.js?ver=20141010, false, false, 26312.8900, 3.8071, 6619.1200
http://tobiaswillmann.de/wp-content/themes/twentyfifteen/js/functions.js?ver=20141212, false, false, 26029.8950, 3.8071, 6499.7200
http://tobiaswillmann.de/wp-includes/js/wp-embed.min.js?ver=4.8.3, false, false, 26667.8200, 3.8071, 6642.0390
ALL, -, -,26294.4550, 3.8074, 6633.3990
http://tobiaswillmann.de/fuckupwebvitals/fuckupCLS.js, false, false, 26278.7850, 0.0001, 6630.4720
http://tobiaswillmann.de/fuckupwebvitals/fuckupLCP.js, false, false, 1672.2650, 3.8048, 667.7390
http://tobiaswillmann.de/wp-includes/js/jquery/jquery.js?ver=1.12.4, false, false, 25907.4900, 3.8071, 6540.2920
http://tobiaswillmann.de/wp-content/themes/twentyfifteen/js/skip-link-focus-fix.js?ver=20141010, false, false, 22295.3650, 3.4459, 683.6440
http://tobiaswillmann.de/wp-includes/js/wp-embed.min.js?ver=4.8.3, false, false, 29394.6700, 3.8005, 7199.1740
ALL, -, -,1670.3400, 9.9065, 804.8100
http://tobiaswillmann.de/fuckupwebvitals/fuckupCLS.js, true, false, 2156.5650, 0.0001, 647.1430
http://tobiaswillmann.de/fuckupwebvitals/fuckupLCP.js, true, false, 1941.1950, 3.8048, 659.5640
http://tobiaswillmann.de/wp-includes/js/jquery/jquery.js?ver=1.12.4, false, false, 1845.7750, 9.9063, 562.9210
http://tobiaswillmann.de/wp-includes/js/jquery/jquery-migrate.min.js?ver=1.4.1, false, false, 2130.3900, 9.9063, 709.7220
http://tobiaswillmann.de/wp-content/themes/twentyfifteen/js/skip-link-focus-fix.js?ver=20141010, false, false, 2212.7150, 9.6906, 680.2220
http://tobiaswillmann.de/wp-content/themes/twentyfifteen/js/functions.js?ver=20141212, false, false, 2208.8950, 9.9063, 732.2470
http://tobiaswillmann.de/wp-includes/js/wp-embed.min.js?ver=4.8.3, false, false, 2145.2450, 9.9063, 711.8640
ALL, -, -,1597.5550, 9.9065, 668.3360
http://tobiaswillmann.de/fuckupwebvitals/fuckupCLS.js, true, false, 2076.6700, 0.0001, 631.0130
http://tobiaswillmann.de/fuckupwebvitals/fuckupLCP.js, true, false, 1901.9700, 3.8048, 636.9130
http://tobiaswillmann.de/wp-includes/js/jquery/jquery.js?ver=1.12.4, false, false, 1803.0500, 9.9063, 545.9080
http://tobiaswillmann.de/wp-includes/js/jquery/jquery-migrate.min.js?ver=1.4.1, false, false, 2068.3900, 9.9063, 653.1140
http://tobiaswillmann.de/wp-content/themes/twentyfifteen/js/skip-link-focus-fix.js?ver=20141010, false, false, 3600.8250, 9.9063, 675.6710
http://tobiaswillmann.de/wp-content/themes/twentyfifteen/js/functions.js?ver=20141212, false, false, 2109.5450, 9.9063, 646.5410
http://tobiaswillmann.de/wp-includes/js/wp-embed.min.js?ver=4.8.3, false, false, 2133.6550, 9.9063, 690.0680
ALL, -, -,1598.4100, 9.9065, 713.4290
http://tobiaswillmann.de/fuckupwebvitals/fuckupCLS.js, true, false, 2073.7350, 0.0001, 643.9690
http://tobiaswillmann.de/fuckupwebvitals/fuckupLCP.js, true, false, 2012.1050, 3.8048, 657.7050
http://tobiaswillmann.de/wp-includes/js/jquery/jquery.js?ver=1.12.4, false, false, 1948.8350, 9.9063, 623.6680
http://tobiaswillmann.de/wp-includes/js/jquery/jquery-migrate.min.js?ver=1.4.1, false, false, 2268.8000, 9.9063, 643.1080
http://tobiaswillmann.de/wp-content/themes/twentyfifteen/js/skip-link-focus-fix.js?ver=20141010, false, false, 2088.6550, 9.9063, 662.1310
http://tobiaswillmann.de/wp-content/themes/twentyfifteen/js/functions.js?ver=20141212, false, false, 2038.1200, 9.9063, 620.8090
http://tobiaswillmann.de/wp-includes/js/wp-embed.min.js?ver=4.8.3, false, false, 2092.3600, 9.9063, 681.4040
ALL, -, -,1565.5100, 9.9065, 649.6850
http://tobiaswillmann.de/fuckupwebvitals/fuckupCLS.js, true, false, 2378.1850, 0.0001, 784.1150
http://tobiaswillmann.de/fuckupwebvitals/fuckupLCP.js, true, false, 2318.2500, 3.5892, 879.3620
http://tobiaswillmann.de/wp-includes/js/jquery/jquery.js?ver=1.12.4, false, false, 1901.0650, 9.9063, 599.0540
http://tobiaswillmann.de/wp-includes/js/jquery/jquery-migrate.min.js?ver=1.4.1, false, false, 2070.9100, 9.9063, 661.9560
http://tobiaswillmann.de/wp-content/themes/twentyfifteen/js/skip-link-focus-fix.js?ver=20141010, false, false, 2097.6450, 9.9063, 672.1400
http://tobiaswillmann.de/wp-content/themes/twentyfifteen/js/functions.js?ver=20141212, false, false, 2145.0850, 9.9063, 645.2560
http://tobiaswillmann.de/wp-includes/js/wp-embed.min.js?ver=4.8.3, false, false, 2106.9450, 9.9063, 673.7240
ALL, -, -,1613.8150, 9.9065, 690.5390
http://tobiaswillmann.de/fuckupwebvitals/fuckupCLS.js, true, false, 2187.2500, 0.0001, 672.9800
http://tobiaswillmann.de/fuckupwebvitals/fuckupLCP.js, true, false, 2107.8950, 3.8048, 774.1770
http://tobiaswillmann.de/wp-includes/js/jquery/jquery.js?ver=1.12.4, false, false, 3063.8750, 9.6906, 1379.5550
http://tobiaswillmann.de/wp-includes/js/jquery/jquery-migrate.min.js?ver=1.4.1, false, false, 2095.3900, 9.9063, 636.2620
http://tobiaswillmann.de/wp-content/themes/twentyfifteen/js/skip-link-focus-fix.js?ver=20141010, false, false, 2335.3050, 9.9063, 819.2170
http://tobiaswillmann.de/wp-content/themes/twentyfifteen/js/functions.js?ver=20141212, false, false, 2107.6300, 9.9063, 643.8060
http://tobiaswillmann.de/wp-includes/js/wp-embed.min.js?ver=4.8.3, false, false, 2106.4600, 9.9063, 667.6810
ALL, -, -,1586.3300, 9.9065, 689.8410
http://tobiaswillmann.de/fuckupwebvitals/fuckupCLS.js, true, false, 2198.4400, 0.0001, 618.0560
http://tobiaswillmann.de/fuckupwebvitals/fuckupLCP.js, true, false, 2051.0550, 3.8048, 687.2960
http://tobiaswillmann.de/wp-includes/js/jquery/jquery.js?ver=1.12.4, false, false, 1884.6950, 9.9063, 542.2860
http://tobiaswillmann.de/wp-includes/js/jquery/jquery-migrate.min.js?ver=1.4.1, false, false, 2053.8700, 9.9063, 662.7340
http://tobiaswillmann.de/wp-content/themes/twentyfifteen/js/skip-link-focus-fix.js?ver=20141010, false, false, 2159.5000, 9.9063, 699.6930
http://tobiaswillmann.de/wp-content/themes/twentyfifteen/js/functions.js?ver=20141212, false, false, 2142.2500, 9.9063, 665.6150
http://tobiaswillmann.de/wp-includes/js/wp-embed.min.js?ver=4.8.3, false, false, 2166.2300, 9.9063, 670.5040
ALL, -, -,1601.0150, 9.9065, 674.5040
http://tobiaswillmann.de/fuckupwebvitals/fuckupCLS.js, true, false, 2216.7400, 0.0001, 679.8780
http://tobiaswillmann.de/fuckupwebvitals/fuckupLCP.js, true, false, 1943.9100, 3.8048, 653.9200
http://tobiaswillmann.de/wp-includes/js/jquery/jquery.js?ver=1.12.4, false, false, 1894.0450, 9.9063, 558.5270
http://tobiaswillmann.de/wp-includes/js/jquery/jquery-migrate.min.js?ver=1.4.1, false, false, 2064.8750, 9.9063, 639.5610
http://tobiaswillmann.de/wp-content/themes/twentyfifteen/js/skip-link-focus-fix.js?ver=20141010, false, false, 2129.8450, 9.9063, 684.4910
http://tobiaswillmann.de/wp-content/themes/twentyfifteen/js/functions.js?ver=20141212, false, false, 2160.3350, 9.9063, 639.8090
http://tobiaswillmann.de/wp-includes/js/wp-embed.min.js?ver=4.8.3, false, false, 2084.3700, 9.9063, 666.2310
ALL, -, -,1609.1700, 9.9065, 672.9240
http://tobiaswillmann.de/fuckupwebvitals/fuckupCLS.js, true, false, 2076.2850, 0.0001, 636.6240
http://tobiaswillmann.de/fuckupwebvitals/fuckupLCP.js, true, false, 1973.0100, 3.8048, 653.9200
http://tobiaswillmann.de/wp-includes/js/jquery/jquery.js?ver=1.12.4, false, false, 1861.3300, 9.9063, 568.3200
http://tobiaswillmann.de/wp-includes/js/jquery/jquery-migrate.min.js?ver=1.4.1, false, false, 2077.7350, 9.9063, 660.8110
http://tobiaswillmann.de/wp-content/themes/twentyfifteen/js/skip-link-focus-fix.js?ver=20141010, false, false, 2154.3250, 9.9063, 708.3290
http://tobiaswillmann.de/wp-content/themes/twentyfifteen/js/functions.js?ver=20141212, false, false, 2063.1700, 9.9063, 601.8830
http://tobiaswillmann.de/wp-includes/js/wp-embed.min.js?ver=4.8.3, false, false, 2166.5950, 9.9063, 687.6390
ALL, -, -,1606.1700, 9.9065, 703.1340
http://tobiaswillmann.de/fuckupwebvitals/fuckupCLS.js, true, false, 2155.4200, 0.0001, 663.3630
http://tobiaswillmann.de/fuckupwebvitals/fuckupLCP.js, true, false, 1991.1650, 3.8048, 664.4030
http://tobiaswillmann.de/wp-includes/js/jquery/jquery.js?ver=1.12.4, false, false, 1826.8450, 9.9063, 551.5470
http://tobiaswillmann.de/wp-includes/js/jquery/jquery-migrate.min.js?ver=1.4.1, false, false, 2171.1750, 9.9063, 696.4800
http://tobiaswillmann.de/wp-content/themes/twentyfifteen/js/skip-link-focus-fix.js?ver=20141010, false, false, 2136.9550, 9.9063, 695.2950
http://tobiaswillmann.de/wp-content/themes/twentyfifteen/js/functions.js?ver=20141212, false, false, 2129.4350, 9.9063, 628.7150
http://tobiaswillmann.de/wp-includes/js/wp-embed.min.js?ver=4.8.3, false, false, 2255.9000, 9.9063, 712.3190
ALL, -, -,2029.5450, 9.9063, 1056.3220
http://tobiaswillmann.de/fuckupwebvitals/fuckupCLS.js, true, false, 2167.2350, 0.0001, 634.1200
http://tobiaswillmann.de/fuckupwebvitals/fuckupLCP.js, true, false, 1985.5900, 3.8048, 679.3970
http://tobiaswillmann.de/wp-includes/js/jquery/jquery.js?ver=1.12.4, false, false, 1828.5250, 9.9063, 524.0230
http://tobiaswillmann.de/wp-includes/js/jquery/jquery-migrate.min.js?ver=1.4.1, false, false, 2068.6200, 9.9063, 643.8000
http://tobiaswillmann.de/wp-content/themes/twentyfifteen/js/skip-link-focus-fix.js?ver=20141010, false, false, 2180.5100, 9.9063, 734.2160
ALL, -, -,26755.2300, 21.7526, 6825.6430
http://tobiaswillmann.de/fuckupwebvitals/fuckupCLS.js, true, false, 26809.4950, 0.0001, 6805.6400
http://tobiaswillmann.de/fuckupwebvitals/fuckupLCP.js, false, false, 1953.9650, 0.0001, 624.7820
http://tobiaswillmann.de/wp-includes/js/jquery/jquery.js?ver=1.12.4, false, false, 26313.6900, 21.7526, 6607.6710
http://tobiaswillmann.de/wp-includes/js/jquery/jquery-migrate.min.js?ver=1.4.1, false, false, 26611.9450, 21.7526, 6738.9990
http://tobiaswillmann.de/wp-content/themes/twentyfifteen/js/skip-link-focus-fix.js?ver=20141010, false, false, 26708.6250, 21.7526, 6898.9600
http://tobiaswillmann.de/wp-content/themes/twentyfifteen/js/functions.js?ver=20141212, false, false, 26693.8850, 21.7526, 6881.1520
http://tobiaswillmann.de/wp-includes/js/wp-embed.min.js?ver=4.8.3, false, false, 26631.5600, 21.7526, 6789.0190
ALL, -, -,30183.0600, 21.7526, 10107.8640
http://tobiaswillmann.de/fuckupwebvitals/fuckupCLS.js, true, false, 26484.1800, 0.0001, 6610.5300
http://tobiaswillmann.de/fuckupwebvitals/fuckupLCP.js, false, false, 1780.3500, 21.3914, 721.1970
http://tobiaswillmann.de/wp-includes/js/jquery/jquery.js?ver=1.12.4, false, false, 25054.8700, 21.3914, 595.5360
http://tobiaswillmann.de/wp-includes/js/jquery/jquery-migrate.min.js?ver=1.4.1, false, false, 26914.5350, 21.7526, 7183.4250
http://tobiaswillmann.de/wp-content/themes/twentyfifteen/js/skip-link-focus-fix.js?ver=20141010, false, false, 28031.5050, 21.7526, 8258.8210
ALL, -, -,26579.8350, 21.7505, 6900.2270
http://tobiaswillmann.de/fuckupwebvitals/fuckupCLS.js, true, false, 26832.3150, 0.0001, 7086.3710
http://tobiaswillmann.de/fuckupwebvitals/fuckupLCP.js, false, false, 1502.7000, 21.3914, 719.1170
http://tobiaswillmann.de/wp-includes/js/jquery/jquery.js?ver=1.12.4, false, false, 26354.6150, 21.7526, 6864.1540
http://tobiaswillmann.de/wp-includes/js/jquery/jquery-migrate.min.js?ver=1.4.1, false, false, 26565.2550, 21.7526, 6932.7530
http://tobiaswillmann.de/wp-content/themes/twentyfifteen/js/skip-link-focus-fix.js?ver=20141010, false, false, 26936.4300, 21.7526, 7145.3080
ALL, -, -,26477.7600, 21.7505, 6862.9430
http://tobiaswillmann.de/fuckupwebvitals/fuckupCLS.js, true, false, 26743.9600, 0.0001, 6993.8650
http://tobiaswillmann.de/fuckupwebvitals/fuckupLCP.js, false, false, 1616.0850, 21.3914, 796.4280
http://tobiaswillmann.de/wp-content/themes/twentyfifteen/js/skip-link-focus-fix.js?ver=20141010, false, false, 26496.2100, 21.7526, 6846.1780
http://tobiaswillmann.de/wp-content/themes/twentyfifteen/js/functions.js?ver=20141212, false, false, 26525.5150, 21.7526, 6877.3250
http://tobiaswillmann.de/wp-includes/js/wp-embed.min.js?ver=4.8.3, false, false, 26842.0150, 21.7526, 7124.4670
ALL, -, -,26642.8900, 21.7526, 6997.0270
http://tobiaswillmann.de/fuckupwebvitals/fuckupCLS.js, true, false, 26837.2500, 0.0001, 7089.1340
http://tobiaswillmann.de/fuckupwebvitals/fuckupLCP.js, false, false, 1525.7350, 21.3914, 720.4310
http://tobiaswillmann.de/wp-content/themes/twentyfifteen/js/skip-link-focus-fix.js?ver=20141010, false, false, 26900.2250, 21.7526, 7185.3350
http://tobiaswillmann.de/wp-content/themes/twentyfifteen/js/functions.js?ver=20141212, false, false, 26874.2000, 21.7526, 7209.2440
http://tobiaswillmann.de/wp-includes/js/wp-embed.min.js?ver=4.8.3, false, false, 26758.6800, 21.7526, 7082.2470
ALL, -, -,27056.6600, 21.7529, 7518.1510
http://tobiaswillmann.de/fuckupwebvitals/fuckupCLS.js, true, false, 26673.4350, 0.0001, 6981.3140
http://tobiaswillmann.de/fuckupwebvitals/fuckupLCP.js, false, false, 1577.5300, 21.3914, 755.4480
http://tobiaswillmann.de/wp-content/themes/twentyfifteen/js/skip-link-focus-fix.js?ver=20141010, false, false, 26900.9450, 21.7526, 7157.2880
http://tobiaswillmann.de/wp-content/themes/twentyfifteen/js/functions.js?ver=20141212, false, false, 26912.3750, 21.7526, 7232.7180
http://tobiaswillmann.de/wp-includes/js/wp-embed.min.js?ver=4.8.3, false, false, 26835.4350, 21.7526, 7191.3210
ALL, -, -,26819.8700, 21.7505, 7122.2250
http://tobiaswillmann.de/fuckupwebvitals/fuckupCLS.js, true, false, 26701.8500, 0.0001, 6944.1860
http://tobiaswillmann.de/fuckupwebvitals/fuckupLCP.js, false, false, 1568.8000, 21.3914, 759.4680
http://tobiaswillmann.de/wp-content/themes/twentyfifteen/js/skip-link-focus-fix.js?ver=20141010, false, false, 26697.3500, 21.7526, 6982.1930
http://tobiaswillmann.de/wp-content/themes/twentyfifteen/js/functions.js?ver=20141212, false, false, 26454.7400, 21.7526, 6949.7800
http://tobiaswillmann.de/wp-includes/js/wp-embed.min.js?ver=4.8.3, false, false, 26876.8700, 21.7526, 7159.5360
ALL, -, -,26413.5550, 21.7505, 6805.7660
http://tobiaswillmann.de/fuckupwebvitals/fuckupCLS.js, true, false, 26677.6800, 0.0001, 6964.0960
http://tobiaswillmann.de/fuckupwebvitals/fuckupLCP.js, false, false, 1563.1700, 0.0001, 648.6210
http://tobiaswillmann.de/wp-content/themes/twentyfifteen/js/skip-link-focus-fix.js?ver=20141010, false, false, 26543.1400, 21.7526, 6884.3830
http://tobiaswillmann.de/wp-content/themes/twentyfifteen/js/functions.js?ver=20141212, false, false, 26642.9700, 21.7526, 7120.1540
http://tobiaswillmann.de/wp-includes/js/wp-embed.min.js?ver=4.8.3, false, false, 26920.8700, 21.7526, 7199.8980
ALL, -, -,26999.8000, 21.7529, 7207.2320
http://tobiaswillmann.de/fuckupwebvitals/fuckupCLS.js, true, false, 28305.5600, 0.0001, 8537.4540
http://tobiaswillmann.de/fuckupwebvitals/fuckupLCP.js, false, false, 1562.2700, 21.3914, 777.3430
http://tobiaswillmann.de/wp-content/themes/twentyfifteen/js/skip-link-focus-fix.js?ver=20141010, false, false, 26965.7400, 21.7526, 7243.8940
http://tobiaswillmann.de/wp-content/themes/twentyfifteen/js/functions.js?ver=20141212, false, false, 26883.4900, 21.7526, 7239.1050
http://tobiaswillmann.de/wp-includes/js/wp-embed.min.js?ver=4.8.3, false, false, 26886.8600, 21.7526, 7235.9240
ALL, -, -,26347.4450, 21.7529, 6736.2100
http://tobiaswillmann.de/fuckupwebvitals/fuckupCLS.js, true, false, 26352.9750, 0.0001, 6702.8030
http://tobiaswillmann.de/fuckupwebvitals/fuckupLCP.js, false, false, 1487.6650, 21.3914, 705.2940
http://tobiaswillmann.de/wp-content/themes/twentyfifteen/js/skip-link-focus-fix.js?ver=20141010, false, false, 26367.3300, 21.7526, 6736.3660
http://tobiaswillmann.de/wp-content/themes/twentyfifteen/js/functions.js?ver=20141212, false, false, 26416.1500, 21.7526, 6756.9540
http://tobiaswillmann.de/wp-includes/js/wp-embed.min.js?ver=4.8.3, false, false, 26520.0000, 21.7526, 6894.2850
ALL, -, -,26560.8650, 21.7505, 6961.6680
http://tobiaswillmann.de/fuckupwebvitals/fuckupCLS.js, true, false, 26680.4000, 0.0001, 6964.8240
http://tobiaswillmann.de/fuckupwebvitals/fuckupLCP.js, false, false, 1527.1450, 21.3914, 733.0270
http://tobiaswillmann.de/wp-content/themes/twentyfifteen/js/skip-link-focus-fix.js?ver=20141010, false, false, 26849.3000, 21.7526, 7166.8080
http://tobiaswillmann.de/wp-content/themes/twentyfifteen/js/functions.js?ver=20141212, false, false, 26748.1050, 21.7526, 7080.1200
http://tobiaswillmann.de/wp-includes/js/wp-embed.min.js?ver=4.8.3, false, false, 27061.6850, 21.7526, 7295.7750
ALL, -, -,26928.0600, 21.7505, 7244.4830
http://tobiaswillmann.de/fuckupwebvitals/fuckupCLS.js, true, false, 26676.5100, 0.0001, 6925.8760
http://tobiaswillmann.de/fuckupwebvitals/fuckupLCP.js, false, false, 1545.0850, 21.3914, 744.5100
http://tobiaswillmann.de/wp-content/themes/twentyfifteen/js/skip-link-focus-fix.js?ver=20141010, false, false, 27055.8250, 21.7526, 7364.7080
http://tobiaswillmann.de/wp-content/themes/twentyfifteen/js/functions.js?ver=20141212, false, false, 26506.0100, 21.7526, 6833.4520
http://tobiaswillmann.de/wp-includes/js/wp-embed.min.js?ver=4.8.3, false, false, 26677.8850, 21.7526, 7023.1060
ALL, -, -,26637.8700, 21.7505, 6989.7950
http://tobiaswillmann.de/fuckupwebvitals/fuckupCLS.js, true, false, 26600.9650, 0.0001, 6854.5320
http://tobiaswillmann.de/fuckupwebvitals/fuckupLCP.js, false, false, 1501.0000, 21.3914, 707.7990
http://tobiaswillmann.de/wp-content/themes/twentyfifteen/js/skip-link-focus-fix.js?ver=20141010, false, false, 26675.1900, 21.7526, 7009.8770
http://tobiaswillmann.de/wp-content/themes/twentyfifteen/js/functions.js?ver=20141212, false, false, 26392.0150, 21.7526, 6763.6410
http://tobiaswillmann.de/wp-includes/js/wp-embed.min.js?ver=4.8.3, false, false, 26514.0050, 21.7526, 6890.0250
ALL, -, -,26748.3850, 21.7505, 7079.9150
http://tobiaswillmann.de/fuckupwebvitals/fuckupCLS.js, true, false, 26950.0600, 0.0001, 7192.7150
http://tobiaswillmann.de/fuckupwebvitals/fuckupLCP.js, false, false, 1525.8600, 21.3914, 735.4890
http://tobiaswillmann.de/wp-content/themes/twentyfifteen/js/skip-link-focus-fix.js?ver=20141010, false, false, 26723.2150, 21.7526, 6968.8870
http://tobiaswillmann.de/wp-content/themes/twentyfifteen/js/functions.js?ver=20141212, false, false, 26683.9850, 21.7526, 7050.8550
http://tobiaswillmann.de/wp-includes/js/wp-embed.min.js?ver=4.8.3, false, false, 27252.5650, 21.7526, 7336.6980
ALL, -, -,26656.2450, 21.7505, 7032.2410
http://tobiaswillmann.de/fuckupwebvitals/fuckupCLS.js, true, false, 26927.2450, 0.0001, 7168.2280
http://tobiaswillmann.de/fuckupwebvitals/fuckupLCP.js, false, false, 1458.7950, 0.0001, 635.2540
http://tobiaswillmann.de/wp-content/themes/twentyfifteen/js/skip-link-focus-fix.js?ver=20141010, false, false, 26318.6950, 21.7526, 6693.4270
http://tobiaswillmann.de/wp-content/themes/twentyfifteen/js/functions.js?ver=20141212, false, false, 26237.2900, 21.7526, 6642.9600
http://tobiaswillmann.de/wp-includes/js/wp-embed.min.js?ver=4.8.3, false, false, 27029.9050, 21.7526, 7338.8820
ALL, -, -,26363.7050, 21.7505, 6730.8640
http://tobiaswillmann.de/fuckupwebvitals/fuckupCLS.js, true, false, 26347.7000, 0.0001, 6680.2360
http://tobiaswillmann.de/fuckupwebvitals/fuckupLCP.js, false, false, 1490.7750, 0.0001, 643.8200
http://tobiaswillmann.de/wp-content/themes/twentyfifteen/js/skip-link-focus-fix.js?ver=20141010, false, false, 26378.7550, 21.7526, 6778.5550
http://tobiaswillmann.de/wp-content/themes/twentyfifteen/js/functions.js?ver=20141212, false, false, 26476.1600, 21.7526, 6794.8500
http://tobiaswillmann.de/wp-includes/js/wp-embed.min.js?ver=4.8.3, false, false, 26731.8100, 21.7526, 7109.3830
ALL, -, -,26805.1650, 21.7505, 7169.4020
http://tobiaswillmann.de/fuckupwebvitals/fuckupCLS.js, true, false, 26751.4950, 0.0001, 6971.1830
http://tobiaswillmann.de/fuckupwebvitals/fuckupLCP.js, false, false, 1503.8200, 21.3914, 726.5310
http://tobiaswillmann.de/wp-content/themes/twentyfifteen/js/skip-link-focus-fix.js?ver=20141010, false, false, 26656.0000, 21.7526, 6985.9660
http://tobiaswillmann.de/wp-content/themes/twentyfifteen/js/functions.js?ver=20141212, false, false, 26386.0900, 21.7526, 6737.9100
http://tobiaswillmann.de/wp-includes/js/wp-embed.min.js?ver=4.8.3, false, false, 26423.6700, 21.7526, 6755.7550
ALL, -, -,26390.4600, 21.7529, 6725.8530
http://tobiaswillmann.de/fuckupwebvitals/fuckupCLS.js, true, false, 26407.4000, 0.0001, 6695.1460
http://tobiaswillmann.de/fuckupwebvitals/fuckupLCP.js, false, false, 1478.1300, 21.3914, 701.6540
http://tobiaswillmann.de/wp-content/themes/twentyfifteen/js/skip-link-focus-fix.js?ver=20141010, false, false, 26613.0150, 21.7526, 6945.2710
http://tobiaswillmann.de/wp-content/themes/twentyfifteen/js/functions.js?ver=20141212, false, false, 26443.8250, 21.7526, 6775.2660
http://tobiaswillmann.de/wp-includes/js/wp-embed.min.js?ver=4.8.3, false, false, 26764.2100, 21.7526, 7099.6430
ALL, -, -,26629.5550, 21.7505, 7000.6160
http://tobiaswillmann.de/fuckupwebvitals/fuckupCLS.js, true, false, 27280.6550, 0.0001, 7465.7320
http://tobiaswillmann.de/fuckupwebvitals/fuckupLCP.js, false, false, 1474.0300, 21.3914, 693.3920
http://tobiaswillmann.de/wp-content/themes/twentyfifteen/js/skip-link-focus-fix.js?ver=20141010, false, false, 26829.4650, 21.7526, 7123.2950
http://tobiaswillmann.de/wp-content/themes/twentyfifteen/js/functions.js?ver=20141212, false, false, 26665.9700, 21.7526, 6981.1730
http://tobiaswillmann.de/wp-includes/js/wp-embed.min.js?ver=4.8.3, false, false, 26864.6350, 21.7526, 7228.1850
ALL, -, -,26864.5700, 21.7505, 7195.2380
http://tobiaswillmann.de/fuckupwebvitals/fuckupCLS.js, true, false, 26640.4950, 0.0001, 6916.8960
http://tobiaswillmann.de/fuckupwebvitals/fuckupLCP.js, false, false, 1526.1300, 21.3914, 738.3680
http://tobiaswillmann.de/wp-content/themes/twentyfifteen/js/skip-link-focus-fix.js?ver=20141010, false, false, 26820.7450, 21.7526, 7119.2530
http://tobiaswillmann.de/wp-content/themes/twentyfifteen/js/functions.js?ver=20141212, false, false, 26869.0900, 21.7526, 6954.7370
http://tobiaswillmann.de/wp-includes/js/wp-embed.min.js?ver=4.8.3, false, false, 26373.1350, 21.7526, 6733.8790
ALL, -, -,26440.3400, 21.7505, 6762.7780
http://tobiaswillmann.de/fuckupwebvitals/fuckupCLS.js, true, false, 26297.3450, 0.0001, 6607.1960
http://tobiaswillmann.de/fuckupwebvitals/fuckupLCP.js, false, false, 1490.7150, 0.0001, 643.3510
http://tobiaswillmann.de/wp-content/themes/twentyfifteen/js/skip-link-focus-fix.js?ver=20141010, false, false, 27137.7150, 21.7526, 7435.1160
http://tobiaswillmann.de/wp-content/themes/twentyfifteen/js/functions.js?ver=20141212, false, false, 26564.9450, 21.7526, 6786.6930
http://tobiaswillmann.de/wp-includes/js/wp-embed.min.js?ver=4.8.3, false, false, 26691.8900, 21.7526, 7028.8520
ALL, -, -,26402.5850, 21.7505, 6771.1320
http://tobiaswillmann.de/fuckupwebvitals/fuckupCLS.js, true, false, 26619.2800, 0.0001, 6895.5630
http://tobiaswillmann.de/fuckupwebvitals/fuckupLCP.js, false, false, 2596.7050, 0.0001, 664.4710
http://tobiaswillmann.de/wp-content/themes/twentyfifteen/js/skip-link-focus-fix.js?ver=20141010, false, false, 26743.5800, 21.7526, 6867.8770
http://tobiaswillmann.de/wp-content/themes/twentyfifteen/js/functions.js?ver=20141212, false, false, 26330.7350, 21.7526, 6716.2310
http://tobiaswillmann.de/wp-includes/js/wp-embed.min.js?ver=4.8.3, false, false, 26235.8050, 21.7526, 6636.3210
ALL, -, -,26244.3400, 21.7505, 6666.4430
http://tobiaswillmann.de/fuckupwebvitals/fuckupCLS.js, true, false, 26505.2600, 0.0001, 6783.7740
http://tobiaswillmann.de/fuckupwebvitals/fuckupLCP.js, false, false, 1532.6000, 21.3914, 731.4120
http://tobiaswillmann.de/wp-content/themes/twentyfifteen/js/skip-link-focus-fix.js?ver=20141010, false, false, 26558.3500, 21.7526, 6940.8750
http://tobiaswillmann.de/wp-content/themes/twentyfifteen/js/functions.js?ver=20141212, false, false, 26422.2400, 21.7526, 6778.2160
http://tobiaswillmann.de/wp-includes/js/wp-embed.min.js?ver=4.8.3, false, false, 26522.3000, 21.7526, 6872.2420
ALL, -, -,27883.0800, 105.7373, 8358.3630
http://tobiaswillmann.de/fuckupwebvitals/fuckupCLS.js, true, false, 26509.4400, 0.0001, 6810.0420
http://tobiaswillmann.de/fuckupwebvitals/fuckupLCP.js, false, false, 1527.4500, 106.0940, 995.0610
http://tobiaswillmann.de/wp-content/themes/twentyfifteen/js/skip-link-focus-fix.js?ver=20141010, false, false, 29602.2000, 105.7373, 9626.4990
ALL, -, -,30123.7300, 105.3764, 10266.8060
http://tobiaswillmann.de/fuckupwebvitals/fuckupCLS.js, true, false, 27243.5250, 0.0001, 7437.0700
http://tobiaswillmann.de/fuckupwebvitals/fuckupLCP.js, false, false, 1694.0650, 105.7351, 1237.2590
http://tobiaswillmann.de/wp-includes/js/jquery/jquery.js?ver=1.12.4, false, false, 27560.3300, 105.1628, 8253.5270
http://tobiaswillmann.de/wp-includes/js/jquery/jquery-migrate.min.js?ver=1.4.1, false, false, 27132.2400, 105.3784, 7925.9320
http://tobiaswillmann.de/wp-includes/js/wp-embed.min.js?ver=4.8.3, false, false, 26562.0000, 105.3784, 7232.3930
ALL, -, -,26462.5850, 106.0965, 7113.4270
http://tobiaswillmann.de/fuckupwebvitals/fuckupCLS.js, true, false, 26518.5400, 0.0001, 6784.0180
http://tobiaswillmann.de/fuckupwebvitals/fuckupLCP.js, false, false, 1646.5400, 105.7351, 1125.0360
http://tobiaswillmann.de/wp-content/themes/twentyfifteen/js/skip-link-focus-fix.js?ver=20141010, false, false, 27158.1850, 105.3784, 7559.3400
http://tobiaswillmann.de/wp-content/themes/twentyfifteen/js/functions.js?ver=20141212, false, false, 27018.6850, 106.0962, 7488.6770
ALL, -, -,26526.2500, 106.0965, 7140.3980
http://tobiaswillmann.de/fuckupwebvitals/fuckupCLS.js, true, false, 26363.4650, 0.0001, 6668.0840
http://tobiaswillmann.de/fuckupwebvitals/fuckupLCP.js, false, false, 1533.2400, 106.4529, 1032.4710
http://tobiaswillmann.de/wp-content/themes/twentyfifteen/js/skip-link-focus-fix.js?ver=20141010, false, false, 27260.5750, 106.0962, 7834.1770
http://tobiaswillmann.de/wp-content/themes/twentyfifteen/js/functions.js?ver=20141212, false, false, 27070.2450, 106.0962, 7599.8070
ALL, -, -,26904.1900, 106.0962, 7487.8160
http://tobiaswillmann.de/fuckupwebvitals/fuckupCLS.js, true, false, 26726.7150, 0.0001, 6962.4860
http://tobiaswillmann.de/fuckupwebvitals/fuckupLCP.js, false, false, 1623.4750, 106.0940, 1051.5890
http://tobiaswillmann.de/wp-content/themes/twentyfifteen/js/skip-link-focus-fix.js?ver=20141010, false, false, 27336.1100, 106.0962, 7837.8730
http://tobiaswillmann.de/wp-content/themes/twentyfifteen/js/functions.js?ver=20141212, false, false, 26707.8650, 106.4552, 7303.4570
ALL, -, -,26517.0200, 106.0942, 7124.7090
http://tobiaswillmann.de/fuckupwebvitals/fuckupCLS.js, true, false, 26552.7900, 0.0001, 6847.9010
http://tobiaswillmann.de/fuckupwebvitals/fuckupLCP.js, false, false, 1501.3250, 106.4529, 991.9710
http://tobiaswillmann.de/wp-content/themes/twentyfifteen/js/skip-link-focus-fix.js?ver=20141010, false, false, 26666.8200, 106.0962, 7198.5930
http://tobiaswillmann.de/wp-content/themes/twentyfifteen/js/functions.js?ver=20141212, false, false, 26573.7900, 106.0962, 7179.3230
ALL, -, -,26547.3700, 106.0965, 7191.2140
http://tobiaswillmann.de/fuckupwebvitals/fuckupCLS.js, true, false, 27014.7400, 0.0001, 7264.3920
http://tobiaswillmann.de/fuckupwebvitals/fuckupLCP.js, false, false, 1655.1750, 0.0001, 716.1030
http://tobiaswillmann.de/wp-content/themes/twentyfifteen/js/skip-link-focus-fix.js?ver=20141010, false, false, 26849.6700, 106.0962, 7395.4270
http://tobiaswillmann.de/wp-content/themes/twentyfifteen/js/functions.js?ver=20141212, false, false, 27115.0900, 106.0962, 7616.7400
ALL, -, -,26527.8650, 106.0942, 7154.3420
http://tobiaswillmann.de/fuckupwebvitals/fuckupCLS.js, true, false, 26647.5350, 0.0001, 6907.2700
http://tobiaswillmann.de/fuckupwebvitals/fuckupLCP.js, false, false, 1578.3100, 106.4529, 1003.7650
http://tobiaswillmann.de/wp-content/themes/twentyfifteen/js/skip-link-focus-fix.js?ver=20141010, false, false, 26636.1850, 105.3784, 7242.4570
http://tobiaswillmann.de/wp-content/themes/twentyfifteen/js/functions.js?ver=20141212, false, false, 26794.6900, 105.0195, 7306.3990
ALL, -, -,26805.6150, 105.0175, 7419.3230
http://tobiaswillmann.de/fuckupwebvitals/fuckupCLS.js, true, false, 26718.8250, 0.0001, 7017.4270
http://tobiaswillmann.de/fuckupwebvitals/fuckupLCP.js, false, false, 1555.1150, 105.0173, 1027.2090
http://tobiaswillmann.de/wp-content/themes/twentyfifteen/js/skip-link-focus-fix.js?ver=20141010, false, false, 27144.4600, 106.0962, 7419.3390
